province,issued_on,issued_at,target,window_start,window_end,pm25,previous_pm25,latest_pm25,actual_pm25,checked_at
กระบี่,2026-10-04,2026-10-04T13:07:56,day_after,2026-10-05T20:00,2026-10-06T19:00,7.9,12.2,10.0,,
กระบี่,2026-10-04,2026-10-04T13:07:56,tomorrow,2026-10-04T20:00,2026-10-05T19:00,8.8,12.2,10.0,,
กรุงเทพฯ,2026-10-04,2026-10-04T13:07:57,day_after,2026-10-05T21:00,2026-10-06T20:00,15.5,25.2,19.8,,
กรุงเทพฯ,2026-10-04,2026-10-04T13:07:57,tomorrow,2026-10-04T21:00,2026-10-05T20:00,17.2,25.2,19.8,,
กาญจนบุรี,2026-10-04,2026-10-04T13:07:58,day_after,2026-10-05T21:00,2026-10-06T20:00,17.8,16.7,19.5,,
กาญจนบุรี,2026-10-04,2026-10-04T13:07:58,tomorrow,2026-10-04T21:00,2026-10-05T20:00,19.1,16.7,19.5,,
กาฬสินธุ์,2026-10-04,2026-10-04T13:07:58,day_after,2026-10-05T20:00,2026-10-06T19:00,10.4,16.5,13.2,,
กาฬสินธุ์,2026-10-04,2026-10-04T13:07:58,tomorrow,2026-10-04T20:00,2026-10-05T19:00,11.4,16.5,13.2,,
กำแพงเพชร,2026-10-04,2026-10-04T13:07:59,day_after,2026-10-05T21:00,2026-10-06T20:00,12.6,14.0,14.3,,
กำแพงเพชร,2026-10-04,2026-10-04T13:07:59,tomorrow,2026-10-04T21:00,2026-10-05T20:00,13.6,14.0,14.3,,
ขอนแก่น,2026-10-04,2026-10-04T13:07:59,day_after,2026-10-05T20:00,2026-10-06T19:00,16.9,24.7,20.8,,
ขอนแก่น,2026-10-04,2026-10-04T13:07:59,tomorrow,2026-10-04T20:00,2026-10-05T19:00,18.5,24.7,20.8,,
จันทบุรี,2026-10-04,2026-10-04T13:08:00,day_after,2026-10-05T18:00,2026-10-06T17:00,10.7,14.5,13.0,,
จันทบุรี,2026-10-04,2026-10-04T13:08:00,tomorrow,2026-10-04T18:00,2026-10-05T17:00,11.8,14.5,13.0,,
ฉะเชิงเทรา,2026-10-04,2026-10-04T13:08:00,day_after,2026-10-05T20:00,2026-10-06T19:00,15.9,18.3,18.3,,
ฉะเชิงเทรา,2026-10-04,2026-10-04T13:08:00,tomorrow,2026-10-04T20:00,2026-10-05T19:00,17.2,18.3,18.3,,
ชลบุรี,2026-10-04,2026-10-04T13:08:01,day_after,2026-10-05T21:00,2026-10-06T20:00,13.6,16.4,15.9,,
ชลบุรี,2026-10-04,2026-10-04T13:08:01,tomorrow,2026-10-04T21:00,2026-10-05T20:00,14.8,16.4,15.9,,
ชัยนาท,2026-10-04,2026-10-04T13:08:01,day_after,2026-10-05T20:00,2026-10-06T19:00,15.0,17.6,17.3,,
ชัยนาท,2026-10-04,2026-10-04T13:08:01,tomorrow,2026-10-04T20:00,2026-10-05T19:00,16.3,17.6,17.3,,
ชัยภูมิ,2026-10-04,2026-10-04T13:08:02,day_after,2026-10-05T20:00,2026-10-06T19:00,8.8,8.6,9.6,,
ชัยภูมิ,2026-10-04,2026-10-04T13:08:02,tomorrow,2026-10-04T20:00,2026-10-05T19:00,9.4,8.6,9.6,,
ชุมพร,2026-10-04,2026-10-04T13:08:02,day_after,2026-10-05T20:00,2026-10-06T19:00,8.1,10.7,9.8,,
ชุมพร,2026-10-04,2026-10-04T13:08:02,tomorrow,2026-10-04T20:00,2026-10-05T19:00,8.9,10.7,9.8,,
ตรัง,2026-10-04,2026-10-04T13:08:03,day_after,2026-10-05T21:00,2026-10-06T20:00,9.0,12.1,10.9,,
ตรัง,2026-10-04,2026-10-04T13:08:03,tomorrow,2026-10-04T21:00,2026-10-05T20:00,9.9,12.1,10.9,,
นครปฐม,2026-10-04,2026-10-04T13:10:04,day_after,2026-10-05T21:00,2026-10-06T20:00,8.5,18.1,12.0,,
นครปฐม,2026-10-04,2026-10-04T13:10:04,tomorrow,2026-10-04T21:00,2026-10-05T20:00,9.7,18.1,12.0,,
นครพนม,2026-10-04,2026-10-04T13:10:04,day_after,2026-10-05T21:00,2026-10-06T20:00,14.6,19.9,17.0,,
นครพนม,2026-10-04,2026-10-04T13:10:04,tomorrow,2026-10-04T21:00,2026-10-05T20:00,15.2,19.9,17.0,,
นครราชสีมา,2026-10-04,2026-10-04T13:10:05,day_after,2026-10-05T20:00,2026-10-06T19:00,16.9,18.2,18.8,,
นครราชสีมา,2026-10-04,2026-10-04T13:10:05,tomorrow,2026-10-04T20:00,2026-10-05T19:00,18.0,18.2,18.8,,
นครศรีธรรมราช,2026-10-04,2026-10-04T13:10:05,day_after,2026-10-05T18:00,2026-10-06T17:00,10.2,16.0,12.9,,
นครศรีธรรมราช,2026-10-04,2026-10-04T13:10:05,tomorrow,2026-10-04T18:00,2026-10-05T17:00,11.3,16.0,12.9,,
นครสวรรค์,2026-10-04,2026-10-04T13:10:06,day_after,2026-10-05T16:00,2026-10-06T15:00,11.9,13.8,13.7,,
นครสวรรค์,2026-10-04,2026-10-04T13:10:06,tomorrow,2026-10-04T16:00,2026-10-05T15:00,12.9,13.8,13.7,,
นนทบุรี,2026-10-04,2026-10-04T13:10:06,day_after,2026-10-05T20:00,2026-10-06T19:00,11.2,20.3,14.9,,
นนทบุรี,2026-10-04,2026-10-04T13:10:06,tomorrow,2026-10-04T20:00,2026-10-05T19:00,12.6,20.3,14.9,,
นราธิวาส,2026-10-04,2026-10-04T13:10:07,day_after,2026-10-05T19:00,2026-10-06T18:00,10.2,15.8,12.9,,
นราธิวาส,2026-10-04,2026-10-04T13:10:07,tomorrow,2026-10-04T19:00,2026-10-05T18:00,11.3,15.8,12.9,,
น่าน,2026-10-04,2026-10-04T13:10:07,day_after,2026-10-05T21:00,2026-10-06T20:00,15.2,20.1,18.4,,
น่าน,2026-10-04,2026-10-04T13:10:07,tomorrow,2026-10-04T21:00,2026-10-05T20:00,16.7,20.1,18.4,,
บึงกาฬ,2026-10-04,2026-10-04T13:10:08,day_after,2026-10-05T20:00,2026-10-06T19:00,6.8,6.5,7.2,,
บึงกาฬ,2026-10-04,2026-10-04T13:10:08,tomorrow,2026-10-04T20:00,2026-10-05T19:00,7.0,6.5,7.2,,
บุรีรัมย์,2026-10-04,2026-10-04T13:10:08,day_after,2026-10-05T20:00,2026-10-06T19:00,11.8,12.8,13.3,,
บุรีรัมย์,2026-10-04,2026-10-04T13:10:08,tomorrow,2026-10-04T20:00,2026-10-05T19:00,12.7,12.8,13.3,,
ปทุมธานี,2026-10-04,2026-10-04T13:10:09,day_after,2026-10-05T20:00,2026-10-06T19:00,18.4,29.5,23.5,,
ปทุมธานี,2026-10-04,2026-10-04T13:10:09,tomorrow,2026-10-04T20:00,2026-10-05T19:00,20.4,29.5,23.5,,
ประจวบคีรีขันธ์,2026-10-04,2026-10-04T13:10:09,day_after,2026-10-05T20:00,2026-10-06T19:00,10.1,9.8,11.1,,
ประจวบคีรีขันธ์,2026-10-04,2026-10-04T13:10:09,tomorrow,2026-10-04T20:00,2026-10-05T19:00,10.8,9.8,11.1,,
ปราจีนบุรี,2026-10-04,2026-10-04T13:10:10,day_after,2026-10-05T21:00,2026-10-06T20:00,19.9,19.4,21.9,,
ปราจีนบุรี,2026-10-04,2026-10-04T13:10:10,tomorrow,2026-10-04T21:00,2026-10-05T20:00,21.3,19.4,21.9,,
พะเยา,2026-10-04,2026-10-04T13:12:11,day_after,2026-10-05T21:00,2026-10-06T20:00,12.1,14.4,14.2,,
พะเยา,2026-10-04,2026-10-04T13:12:11,tomorrow,2026-10-04T21:00,2026-10-05T20:00,13.2,14.4,14.2,,
พัทลุง,2026-10-04,2026-10-04T13:12:12,day_after,2026-10-05T20:00,2026-10-06T19:00,8.6,13.3,10.8,,
พัทลุง,2026-10-04,2026-10-04T13:12:12,tomorrow,2026-10-04T20:00,2026-10-05T19:00,9.5,13.3,10.8,,
พิจิตร,2026-10-04,2026-10-04T13:12:12,day_after,2026-10-05T21:00,2026-10-06T20:00,10.8,13.5,12.7,,
พิจิตร,2026-10-04,2026-10-04T13:12:12,tomorrow,2026-10-04T21:00,2026-10-05T20:00,11.8,13.5,12.7,,
พิษณุโลก,2026-10-04,2026-10-04T13:12:13,day_after,2026-10-05T21:00,2026-10-06T20:00,11.3,14.2,13.3,,
พิษณุโลก,2026-10-04,2026-10-04T13:12:13,tomorrow,2026-10-04T21:00,2026-10-05T20:00,12.3,14.2,13.3,,
ภูเก็ต,2026-10-04,2026-10-04T13:12:13,day_after,2026-10-05T18:00,2026-10-06T17:00,10.4,15.3,12.8,,
ภูเก็ต,2026-10-04,2026-10-04T13:12:13,tomorrow,2026-10-04T18:00,2026-10-05T17:00,11.4,15.3,12.8,,
มหาสารคาม,2026-10-04,2026-10-04T13:12:14,day_after,2026-10-05T20:00,2026-10-06T19:00,7.7,15.4,10.6,,
มหาสารคาม,2026-10-04,2026-10-04T13:12:14,tomorrow,2026-10-04T20:00,2026-10-05T19:00,8.7,15.4,10.6,,
มุกดาหาร,2026-10-04,2026-10-04T13:12:14,day_after,2026-10-05T20:00,2026-10-06T19:00,14.1,18.5,16.5,,
มุกดาหาร,2026-10-04,2026-10-04T13:12:14,tomorrow,2026-10-04T20:00,2026-10-05T19:00,15.0,18.5,16.5,,
ยะลา,2026-10-04,2026-10-04T13:12:15,day_after,2026-10-05T19:00,2026-10-06T18:00,10.1,15.0,12.7,,
ยะลา,2026-10-04,2026-10-04T13:12:15,tomorrow,2026-10-04T19:00,2026-10-05T18:00,11.2,15.0,12.7,,
ยโสธร,2026-10-04,2026-10-04T13:12:15,day_after,2026-10-05T20:00,2026-10-06T19:00,12.0,14.6,13.9,,
ยโสธร,2026-10-04,2026-10-04T13:12:15,tomorrow,2026-10-04T20:00,2026-10-05T19:00,12.9,14.6,13.9,,
ระยอง,2026-10-04,2026-10-04T13:12:16,day_after,2026-10-05T21:00,2026-10-06T20:00,26.9,28.1,30.4,,
ระยอง,2026-10-04,2026-10-04T13:12:16,tomorrow,2026-10-04T21:00,2026-10-05T20:00,29.1,28.1,30.4,,
ร้อยเอ็ด,2026-10-04,2026-10-04T13:12:17,day_after,2026-10-05T20:00,2026-10-06T19:00,11.3,17.4,14.1,,
ร้อยเอ็ด,2026-10-04,2026-10-04T13:12:17,tomorrow,2026-10-04T20:00,2026-10-05T19:00,12.3,17.4,14.1,,
ลำปาง,2026-10-04,2026-10-04T13:13:18,day_after,2026-10-05T20:00,2026-10-06T19:00,11.3,13.1,13.1,,
ลำปาง,2026-10-04,2026-10-04T13:13:18,tomorrow,2026-10-04T20:00,2026-10-05T19:00,12.3,13.1,13.1,,
ลำพูน,2026-10-04,2026-10-04T13:13:18,day_after,2026-10-05T21:00,2026-10-06T20:00,12.3,15.4,14.6,,
ลำพูน,2026-10-04,2026-10-04T13:13:18,tomorrow,2026-10-04T21:00,2026-10-05T20:00,13.5,15.4,14.6,,
ศรีสะเกษ,2026-10-04,2026-10-04T13:13:19,day_after,2026-10-05T20:00,2026-10-06T19:00,10.0,9.1,10.8,,
ศรีสะเกษ,2026-10-04,2026-10-04T13:13:19,tomorrow,2026-10-04T20:00,2026-10-05T19:00,10.6,9.1,10.8,,
สกลนคร,2026-10-04,2026-10-04T13:13:19,day_after,2026-10-05T21:00,2026-10-06T20:00,10.6,11.7,11.8,,
สกลนคร,2026-10-04,2026-10-04T13:13:19,tomorrow,2026-10-04T21:00,2026-10-05T20:00,11.1,11.7,11.8,,
สงขลา,2026-10-04,2026-10-04T13:13:20,day_after,2026-10-05T18:00,2026-10-06T17:00,10.4,16.7,13.4,,
สงขลา,2026-10-04,2026-10-04T13:13:20,tomorrow,2026-10-04T18:00,2026-10-05T17:00,11.6,16.7,13.4,,
สมุทรสงคราม,2026-10-04,2026-10-04T13:15:21,day_after,2026-10-05T21:00,2026-10-06T20:00,8.5,16.2,11.6,,
สมุทรสงคราม,2026-10-04,2026-10-04T13:15:21,tomorrow,2026-10-04T21:00,2026-10-05T20:00,9.6,16.2,11.6,,
สมุทรสาคร,2026-10-04,2026-10-04T13:15:21,day_after,2026-10-05T20:00,2026-10-06T19:00,13.2,23.8,17.6,,
สมุทรสาคร,2026-10-04,2026-10-04T13:15:21,tomorrow,2026-10-04T20:00,2026-10-05T19:00,14.8,23.8,17.6,,
สระบุรี,2026-10-04,2026-10-04T13:15:22,day_after,2026-10-05T20:00,2026-10-06T19:00,20.6,23.6,23.7,,
สระบุรี,2026-10-04,2026-10-04T13:15:22,tomorrow,2026-10-04T20:00,2026-10-05T19:00,22.3,23.6,23.7,,
สระแก้ว,2026-10-04,2026-10-04T13:15:22,day_after,2026-10-05T20:00,2026-10-06T19:00,7.6,7.4,8.4,,
สระแก้ว,2026-10-04,2026-10-04T13:15:22,tomorrow,2026-10-04T20:00,2026-10-05T19:00,8.2,7.4,8.4,,
สิงห์บุรี,2026-10-04,2026-10-04T13:15:23,day_after,2026-10-05T20:00,2026-10-06T19:00,17.8,17.7,19.4,,
สิงห์บุรี,2026-10-04,2026-10-04T13:15:23,tomorrow,2026-10-04T20:00,2026-10-05T19:00,18.9,17.7,19.4,,
สุพรรณบุรี,2026-10-04,2026-10-04T13:15:23,day_after,2026-10-05T20:00,2026-10-06T19:00,8.8,18.4,12.4,,
สุพรรณบุรี,2026-10-04,2026-10-04T13:15:23,tomorrow,2026-10-04T20:00,2026-10-05T19:00,10.0,18.4,12.4,,
สุราษฎร์ธานี,2026-10-04,2026-10-04T13:15:24,day_after,2026-10-05T18:00,2026-10-06T17:00,10.0,15.9,12.9,,
สุราษฎร์ธานี,2026-10-04,2026-10-04T13:15:24,tomorrow,2026-10-04T18:00,2026-10-05T17:00,11.2,15.9,12.9,,
สุรินทร์,2026-10-04,2026-10-04T13:15:24,day_after,2026-10-05T20:00,2026-10-06T19:00,9.4,9.0,10.2,,
สุรินทร์,2026-10-04,2026-10-04T13:15:24,tomorrow,2026-10-04T20:00,2026-10-05T19:00,10.0,9.0,10.2,,
สุโขทัย,2026-10-04,2026-10-04T13:15:25,day_after,2026-10-05T21:00,2026-10-06T20:00,10.6,13.5,12.5,,
สุโขทัย,2026-10-04,2026-10-04T13:15:25,tomorrow,2026-10-04T21:00,2026-10-05T20:00,11.5,13.5,12.5,,
หนองคาย,2026-10-04,2026-10-04T13:15:25,day_after,2026-10-05T21:00,2026-10-06T20:00,15.0,21.3,18.1,,
หนองคาย,2026-10-04,2026-10-04T13:15:25,tomorrow,2026-10-04T21:00,2026-10-05T20:00,16.2,21.3,18.1,,
หนองบัวลำภู,2026-10-04,2026-10-04T13:15:26,day_after,2026-10-05T20:00,2026-10-06T19:00,10.8,11.1,11.9,,
หนองบัวลำภู,2026-10-04,2026-10-04T13:15:26,tomorrow,2026-10-04T20:00,2026-10-05T19:00,11.4,11.1,11.9,,
อำนาจเจริญ,2026-10-04,2026-10-04T13:15:26,day_after,2026-10-05T20:00,2026-10-06T19:00,16.8,18.4,18.9,,
อำนาจเจริญ,2026-10-04,2026-10-04T13:15:26,tomorrow,2026-10-04T20:00,2026-10-05T19:00,17.9,18.4,18.9,,
อุดรธานี,2026-10-04,2026-10-04T13:15:27,day_after,2026-10-05T20:00,2026-10-06T19:00,13.3,12.3,14.3,,
อุดรธานี,2026-10-04,2026-10-04T13:15:27,tomorrow,2026-10-04T20:00,2026-10-05T19:00,14.0,12.3,14.3,,
อุตรดิตถ์,2026-10-04,2026-10-04T13:15:27,day_after,2026-10-05T21:00,2026-10-06T20:00,12.5,13.9,14.3,,
อุตรดิตถ์,2026-10-04,2026-10-04T13:15:27,tomorrow,2026-10-04T21:00,2026-10-05T20:00,13.5,13.9,14.3,,
อุบลราชธานี,2026-10-04,2026-10-04T13:16:28,day_after,2026-10-05T21:00,2026-10-06T20:00,14.0,11.8,14.7,,
อุบลราชธานี,2026-10-04,2026-10-04T13:16:28,tomorrow,2026-10-04T21:00,2026-10-05T20:00,14.7,11.8,14.7,,
อ่างทอง,2026-10-04,2026-10-04T13:16:29,day_after,2026-10-05T20:00,2026-10-06T19:00,15.0,21.7,18.4,,
อ่างทอง,2026-10-04,2026-10-04T13:16:29,tomorrow,2026-10-04T20:00,2026-10-05T19:00,16.5,21.7,18.4,,
เพชรบูรณ์,2026-10-04,2026-10-04T13:18:30,day_after,2026-10-05T21:00,2026-10-06T20:00,10.3,8.7,11.0,,
เพชรบูรณ์,2026-10-04,2026-10-04T13:18:30,tomorrow,2026-10-04T21:00,2026-10-05T20:00,10.9,8.7,11.0,,
แพร่,2026-10-04,2026-10-04T13:18:31,day_after,2026-10-05T21:00,2026-10-06T20:00,11.6,13.5,13.4,,
แพร่,2026-10-04,2026-10-04T13:18:31,tomorrow,2026-10-04T21:00,2026-10-05T20:00,12.6,13.5,13.4,,
แม่ฮ่องสอน,2026-10-04,2026-10-04T13:18:31,day_after,2026-10-05T21:00,2026-10-06T20:00,11.4,10.9,12.6,,
แม่ฮ่องสอน,2026-10-04,2026-10-04T13:18:31,tomorrow,2026-10-04T21:00,2026-10-05T20:00,12.3,10.9,12.6,,
