province,ym,pm25,hours
กระบี่,2022-08,6.6,665
กระบี่,2022-09,7.2,720
กระบี่,2022-10,5.6,744
กระบี่,2022-11,7.1,720
กระบี่,2022-12,8.0,744
กระบี่,2023-01,11.0,744
กระบี่,2023-02,12.2,672
กระบี่,2023-03,14.1,744
กระบี่,2023-04,16.9,720
กระบี่,2023-05,7.1,744
กระบี่,2023-06,7.8,720
กระบี่,2023-07,9.1,744
กระบี่,2023-08,6.5,744
กระบี่,2023-09,8.0,720
กระบี่,2023-10,5.7,744
กระบี่,2023-11,6.5,720
กระบี่,2023-12,8.1,744
กระบี่,2024-01,12.0,744
กระบี่,2024-02,10.4,696
กระบี่,2024-03,12.6,744
กระบี่,2024-04,12.5,720
กระบี่,2024-05,10.5,744
กระบี่,2024-06,9.0,720
กระบี่,2024-07,12.6,744
กระบี่,2024-08,6.6,744
กระบี่,2024-09,7.0,720
กระบี่,2024-10,6.1,744
กระบี่,2024-11,7.0,720
กระบี่,2024-12,8.1,744
กระบี่,2025-01,12.8,744
กระบี่,2025-02,12.3,672
กระบี่,2025-03,14.4,744
กระบี่,2025-04,6.7,720
กระบี่,2025-05,6.2,744
กระบี่,2025-06,9.0,720
กระบี่,2025-07,7.9,744
กระบี่,2025-08,7.7,744
กระบี่,2025-09,6.0,720
กระบี่,2025-10,5.2,744
กระบี่,2025-11,8.3,720
กระบี่,2025-12,9.1,744
กรุงเทพฯ,2022-08,21.1,665
กรุงเทพฯ,2022-09,30.0,720
กรุงเทพฯ,2022-10,66.0,744
กรุงเทพฯ,2022-11,76.6,720
กรุงเทพฯ,2022-12,67.9,744
กรุงเทพฯ,2023-01,67.2,744
กรุงเทพฯ,2023-02,82.7,672
กรุงเทพฯ,2023-03,67.6,744
กรุงเทพฯ,2023-04,46.8,720
กรุงเทพฯ,2023-05,32.9,744
กรุงเทพฯ,2023-06,17.3,720
กรุงเทพฯ,2023-07,10.8,744
กรุงเทพฯ,2023-08,9.3,744
กรุงเทพฯ,2023-09,16.6,720
กรุงเทพฯ,2023-10,38.6,744
กรุงเทพฯ,2023-11,35.5,720
กรุงเทพฯ,2023-12,36.3,744
กรุงเทพฯ,2024-01,54.3,744
กรุงเทพฯ,2024-02,25.5,696
กรุงเทพฯ,2024-03,21.9,744
กรุงเทพฯ,2024-04,20.1,720
กรุงเทพฯ,2024-05,20.3,744
กรุงเทพฯ,2024-06,9.3,720
กรุงเทพฯ,2024-07,9.3,744
กรุงเทพฯ,2024-08,13.0,744
กรุงเทพฯ,2024-09,18.6,720
กรุงเทพฯ,2024-10,46.6,744
กรุงเทพฯ,2024-11,28.5,720
กรุงเทพฯ,2024-12,26.5,744
กรุงเทพฯ,2025-01,40.5,744
กรุงเทพฯ,2025-02,40.6,672
กรุงเทพฯ,2025-03,33.0,744
กรุงเทพฯ,2025-04,22.4,720
กรุงเทพฯ,2025-05,17.7,744
กรุงเทพฯ,2025-06,12.1,720
กรุงเทพฯ,2025-07,9.9,744
กรุงเทพฯ,2025-08,11.3,744
กรุงเทพฯ,2025-09,11.1,720
กรุงเทพฯ,2025-10,24.7,744
กรุงเทพฯ,2025-11,27.0,720
กรุงเทพฯ,2025-12,30.7,744
กาญจนบุรี,2022-08,7.8,665
กาญจนบุรี,2022-09,8.2,720
กาญจนบุรี,2022-10,22.9,744
กาญจนบุรี,2022-11,23.3,720
กาญจนบุรี,2022-12,16.5,744
กาญจนบุรี,2023-01,20.8,744
กาญจนบุรี,2023-02,31.4,672
กาญจนบุรี,2023-03,33.8,744
กาญจนบุรี,2023-04,27.8,720
กาญจนบุรี,2023-05,13.8,744
กาญจนบุรี,2023-06,4.9,720
กาญจนบุรี,2023-07,4.7,744
กาญจนบุรี,2023-08,3.8,744
กาญจนบุรี,2023-09,6.2,720
กาญจนบุรี,2023-10,13.5,744
กาญจนบุรี,2023-11,17.8,720
กาญจนบุรี,2023-12,19.3,744
กาญจนบุรี,2024-01,26.3,744
กาญจนบุรี,2024-02,23.0,696
กาญจนบุรี,2024-03,21.5,744
กาญจนบุรี,2024-04,22.6,720
กาญจนบุรี,2024-05,15.9,744
กาญจนบุรี,2024-06,4.0,720
กาญจนบุรี,2024-07,4.5,744
กาญจนบุรี,2024-08,4.8,744
กาญจนบุรี,2024-09,10.5,720
กาญจนบุรี,2024-10,18.4,744
กาญจนบุรี,2024-11,14.8,720
กาญจนบุรี,2024-12,14.2,744
กาญจนบุรี,2025-01,25.1,744
กาญจนบุรี,2025-02,30.4,672
กาญจนบุรี,2025-03,33.8,744
กาญจนบุรี,2025-04,27.6,720
กาญจนบุรี,2025-05,19.2,744
กาญจนบุรี,2025-06,9.2,720
กาญจนบุรี,2025-07,7.1,744
กาญจนบุรี,2025-08,5.7,744
กาญจนบุรี,2025-09,6.6,720
กาญจนบุรี,2025-10,12.8,744
กาญจนบุรี,2025-11,14.9,720
กาญจนบุรี,2025-12,13.6,744
กาฬสินธุ์,2022-08,12.6,665
กาฬสินธุ์,2022-09,12.4,720
กาฬสินธุ์,2022-10,15.9,744
กาฬสินธุ์,2022-11,12.5,720
กาฬสินธุ์,2022-12,12.0,744
กาฬสินธุ์,2023-01,16.5,744
กาฬสินธุ์,2023-02,22.0,672
กาฬสินธุ์,2023-03,25.8,744
กาฬสินธุ์,2023-04,27.1,720
กาฬสินธุ์,2023-05,17.2,744
กาฬสินธุ์,2023-06,13.3,720
กาฬสินธุ์,2023-07,9.2,744
กาฬสินธุ์,2023-08,13.7,744
กาฬสินธุ์,2023-09,9.7,720
กาฬสินธุ์,2023-10,10.1,744
กาฬสินธุ์,2023-11,8.8,720
กาฬสินธุ์,2023-12,8.8,744
กาฬสินธุ์,2024-01,7.6,744
กาฬสินธุ์,2024-02,18.2,696
กาฬสินธุ์,2024-03,23.4,744
กาฬสินธุ์,2024-04,25.9,720
กาฬสินธุ์,2024-05,16.9,744
กาฬสินธุ์,2024-06,11.9,720
กาฬสินธุ์,2024-07,10.6,744
กาฬสินธุ์,2024-08,17.8,744
กาฬสินธุ์,2024-09,12.3,720
กาฬสินธุ์,2024-10,11.2,744
กาฬสินธุ์,2024-11,10.8,720
กาฬสินธุ์,2024-12,13.0,744
กาฬสินธุ์,2025-01,20.2,744
กาฬสินธุ์,2025-02,12.8,672
กาฬสินธุ์,2025-03,30.8,744
กาฬสินธุ์,2025-04,34.1,720
กาฬสินธุ์,2025-05,24.3,744
กาฬสินธุ์,2025-06,17.8,720
กาฬสินธุ์,2025-07,12.0,744
กาฬสินธุ์,2025-08,10.5,744
กาฬสินธุ์,2025-09,8.2,720
กาฬสินธุ์,2025-10,9.3,744
กาฬสินธุ์,2025-11,11.0,720
กาฬสินธุ์,2025-12,8.9,744
กำแพงเพชร,2022-08,7.4,665
กำแพงเพชร,2022-09,8.5,720
กำแพงเพชร,2022-10,14.1,744
กำแพงเพชร,2022-11,16.2,720
กำแพงเพชร,2022-12,14.6,744
กำแพงเพชร,2023-01,18.0,744
กำแพงเพชร,2023-02,25.1,672
กำแพงเพชร,2023-03,32.9,744
กำแพงเพชร,2023-04,31.6,720
กำแพงเพชร,2023-05,16.0,744
กำแพงเพชร,2023-06,8.0,720
กำแพงเพชร,2023-07,7.9,744
กำแพงเพชร,2023-08,8.8,744
กำแพงเพชร,2023-09,8.4,720
กำแพงเพชร,2023-10,9.1,744
กำแพงเพชร,2023-11,12.4,720
กำแพงเพชร,2023-12,13.5,744
กำแพงเพชร,2024-01,16.7,744
กำแพงเพชร,2024-02,23.3,696
กำแพงเพชร,2024-03,28.8,744
กำแพงเพชร,2024-04,28.5,720
กำแพงเพชร,2024-05,19.1,744
กำแพงเพชร,2024-06,7.3,720
กำแพงเพชร,2024-07,6.9,744
กำแพงเพชร,2024-08,7.8,744
กำแพงเพชร,2024-09,9.8,720
กำแพงเพชร,2024-10,12.7,744
กำแพงเพชร,2024-11,16.8,720
กำแพงเพชร,2024-12,18.2,744
กำแพงเพชร,2025-01,30.0,744
กำแพงเพชร,2025-02,34.9,672
กำแพงเพชร,2025-03,43.6,744
กำแพงเพชร,2025-04,31.1,720
กำแพงเพชร,2025-05,22.8,744
กำแพงเพชร,2025-06,22.5,720
กำแพงเพชร,2025-07,18.0,744
กำแพงเพชร,2025-08,12.6,744
กำแพงเพชร,2025-09,9.0,720
กำแพงเพชร,2025-10,10.7,744
กำแพงเพชร,2025-11,13.1,720
กำแพงเพชร,2025-12,15.7,744
ขอนแก่น,2022-08,11.5,665
ขอนแก่น,2022-09,13.3,720
ขอนแก่น,2022-10,17.4,744
ขอนแก่น,2022-11,16.7,720
ขอนแก่น,2022-12,14.1,744
ขอนแก่น,2023-01,19.0,744
ขอนแก่น,2023-02,24.7,672
ขอนแก่น,2023-03,29.6,744
ขอนแก่น,2023-04,31.4,720
ขอนแก่น,2023-05,18.0,744
ขอนแก่น,2023-06,13.0,720
ขอนแก่น,2023-07,9.8,744
ขอนแก่น,2023-08,12.7,744
ขอนแก่น,2023-09,11.8,720
ขอนแก่น,2023-10,13.0,744
ขอนแก่น,2023-11,12.1,720
ขอนแก่น,2023-12,11.4,744
ขอนแก่น,2024-01,11.2,744
ขอนแก่น,2024-02,21.5,696
ขอนแก่น,2024-03,27.3,744
ขอนแก่น,2024-04,31.6,720
ขอนแก่น,2024-05,19.3,744
ขอนแก่น,2024-06,11.2,720
ขอนแก่น,2024-07,11.6,744
ขอนแก่น,2024-08,18.3,744
ขอนแก่น,2024-09,13.8,720
ขอนแก่น,2024-10,14.6,744
ขอนแก่น,2024-11,13.0,720
ขอนแก่น,2024-12,14.2,744
ขอนแก่น,2025-01,22.9,744
ขอนแก่น,2025-02,15.7,672
ขอนแก่น,2025-03,33.9,744
ขอนแก่น,2025-04,33.7,720
ขอนแก่น,2025-05,23.5,744
ขอนแก่น,2025-06,17.0,720
ขอนแก่น,2025-07,11.2,744
ขอนแก่น,2025-08,10.8,744
ขอนแก่น,2025-09,10.1,720
ขอนแก่น,2025-10,10.5,744
ขอนแก่น,2025-11,13.4,720
ขอนแก่น,2025-12,11.3,744
จันทบุรี,2022-08,6.8,665
จันทบุรี,2022-09,8.5,720
จันทบุรี,2022-10,12.7,744
จันทบุรี,2022-11,11.8,720
จันทบุรี,2022-12,8.8,744
จันทบุรี,2023-01,10.7,744
จันทบุรี,2023-02,17.7,672
จันทบุรี,2023-03,19.9,744
จันทบุรี,2023-04,21.1,720
จันทบุรี,2023-05,12.1,744
จันทบุรี,2023-06,7.5,720
จันทบุรี,2023-07,5.9,744
จันทบุรี,2023-08,6.1,744
จันทบุรี,2023-09,5.6,720
จันทบุรี,2023-10,8.6,744
จันทบุรี,2023-11,7.7,720
จันทบุรี,2023-12,6.4,744
จันทบุรี,2024-01,12.3,744
จันทบุรี,2024-02,14.3,696
จันทบุรี,2024-03,14.9,744
จันทบุรี,2024-04,9.6,720
จันทบุรี,2024-05,9.2,744
จันทบุรี,2024-06,6.5,720
จันทบุรี,2024-07,6.0,744
จันทบุรี,2024-08,6.4,744
จันทบุรี,2024-09,8.2,720
จันทบุรี,2024-10,10.0,744
จันทบุรี,2024-11,9.5,720
จันทบุรี,2024-12,8.8,744
จันทบุรี,2025-01,19.4,744
จันทบุรี,2025-02,21.6,672
จันทบุรี,2025-03,21.8,744
จันทบุรี,2025-04,14.3,720
จันทบุรี,2025-05,9.0,744
จันทบุรี,2025-06,7.2,720
จันทบุรี,2025-07,6.2,744
จันทบุรี,2025-08,6.0,744
จันทบุรี,2025-09,5.1,720
จันทบุรี,2025-10,7.3,744
จันทบุรี,2025-11,8.5,720
จันทบุรี,2025-12,8.4,744
ฉะเชิงเทรา,2022-08,15.1,665
ฉะเชิงเทรา,2022-09,24.8,720
ฉะเชิงเทรา,2022-10,20.1,744
ฉะเชิงเทรา,2022-11,18.9,720
ฉะเชิงเทรา,2022-12,12.6,744
ฉะเชิงเทรา,2023-01,19.2,744
ฉะเชิงเทรา,2023-02,31.5,672
ฉะเชิงเทรา,2023-03,26.7,744
ฉะเชิงเทรา,2023-04,30.4,720
ฉะเชิงเทรา,2023-05,23.7,744
ฉะเชิงเทรา,2023-06,15.0,720
ฉะเชิงเทรา,2023-07,13.3,744
ฉะเชิงเทรา,2023-08,11.3,744
ฉะเชิงเทรา,2023-09,16.0,720
ฉะเชิงเทรา,2023-10,21.3,744
ฉะเชิงเทรา,2023-11,10.9,720
ฉะเชิงเทรา,2023-12,9.6,744
ฉะเชิงเทรา,2024-01,21.4,744
ฉะเชิงเทรา,2024-02,22.5,696
ฉะเชิงเทรา,2024-03,21.4,744
ฉะเชิงเทรา,2024-04,17.1,720
ฉะเชิงเทรา,2024-05,19.1,744
ฉะเชิงเทรา,2024-06,11.7,720
ฉะเชิงเทรา,2024-07,11.3,744
ฉะเชิงเทรา,2024-08,15.7,744
ฉะเชิงเทรา,2024-09,17.1,720
ฉะเชิงเทรา,2024-10,23.3,744
ฉะเชิงเทรา,2024-11,13.2,720
ฉะเชิงเทรา,2024-12,11.7,744
ฉะเชิงเทรา,2025-01,23.8,744
ฉะเชิงเทรา,2025-02,32.6,672
ฉะเชิงเทรา,2025-03,28.7,744
ฉะเชิงเทรา,2025-04,22.3,720
ฉะเชิงเทรา,2025-05,18.6,744
ฉะเชิงเทรา,2025-06,13.9,720
ฉะเชิงเทรา,2025-07,10.6,744
ฉะเชิงเทรา,2025-08,12.6,744
ฉะเชิงเทรา,2025-09,10.9,720
ฉะเชิงเทรา,2025-10,13.0,744
ฉะเชิงเทรา,2025-11,13.9,720
ฉะเชิงเทรา,2025-12,12.5,744
ชลบุรี,2022-08,7.3,665
ชลบุรี,2022-09,14.1,720
ชลบุรี,2022-10,27.8,744
ชลบุรี,2022-11,31.4,720
ชลบุรี,2022-12,26.6,744
ชลบุรี,2023-01,36.1,744
ชลบุรี,2023-02,55.7,672
ชลบุรี,2023-03,40.2,744
ชลบุรี,2023-04,36.1,720
ชลบุรี,2023-05,19.6,744
ชลบุรี,2023-06,9.1,720
ชลบุรี,2023-07,7.3,744
ชลบุรี,2023-08,5.5,744
ชลบุรี,2023-09,13.5,720
ชลบุรี,2023-10,25.1,744
ชลบุรี,2023-11,15.6,720
ชลบุรี,2023-12,18.8,744
ชลบุรี,2024-01,35.8,744
ชลบุรี,2024-02,18.6,696
ชลบุรี,2024-03,18.3,744
ชลบุรี,2024-04,15.5,720
ชลบุรี,2024-05,15.8,744
ชลบุรี,2024-06,6.2,720
ชลบุรี,2024-07,5.3,744
ชลบุรี,2024-08,7.6,744
ชลบุรี,2024-09,10.3,720
ชลบุรี,2024-10,32.2,744
ชลบุรี,2024-11,14.6,720
ชลบุรี,2024-12,13.2,744
ชลบุรี,2025-01,24.8,744
ชลบุรี,2025-02,27.2,672
ชลบุรี,2025-03,24.1,744
ชลบุรี,2025-04,14.0,720
ชลบุรี,2025-05,9.6,744
ชลบุรี,2025-06,6.2,720
ชลบุรี,2025-07,5.4,744
ชลบุรี,2025-08,6.2,744
ชลบุรี,2025-09,5.7,720
ชลบุรี,2025-10,14.2,744
ชลบุรี,2025-11,16.4,720
ชลบุรี,2025-12,17.2,744
ชัยนาท,2022-08,7.4,665
ชัยนาท,2022-09,9.8,720
ชัยนาท,2022-10,16.9,744
ชัยนาท,2022-11,19.8,720
ชัยนาท,2022-12,14.5,744
ชัยนาท,2023-01,18.3,744
ชัยนาท,2023-02,26.0,672
ชัยนาท,2023-03,31.1,744
ชัยนาท,2023-04,33.5,720
ชัยนาท,2023-05,18.3,744
ชัยนาท,2023-06,5.6,720
ชัยนาท,2023-07,5.8,744
ชัยนาท,2023-08,5.1,744
ชัยนาท,2023-09,10.1,720
ชัยนาท,2023-10,12.0,744
ชัยนาท,2023-11,13.5,720
ชัยนาท,2023-12,14.0,744
ชัยนาท,2024-01,18.1,744
ชัยนาท,2024-02,23.9,696
ชัยนาท,2024-03,26.0,744
ชัยนาท,2024-04,25.4,720
ชัยนาท,2024-05,21.0,744
ชัยนาท,2024-06,3.9,720
ชัยนาท,2024-07,4.6,744
ชัยนาท,2024-08,5.1,744
ชัยนาท,2024-09,10.5,720
ชัยนาท,2024-10,14.3,744
ชัยนาท,2024-11,13.1,720
ชัยนาท,2024-12,14.1,744
ชัยนาท,2025-01,26.1,744
ชัยนาท,2025-02,33.5,672
ชัยนาท,2025-03,37.8,744
ชัยนาท,2025-04,33.2,720
ชัยนาท,2025-05,26.9,744
ชัยนาท,2025-06,13.1,720
ชัยนาท,2025-07,8.8,744
ชัยนาท,2025-08,8.3,744
ชัยนาท,2025-09,9.4,720
ชัยนาท,2025-10,11.9,744
ชัยนาท,2025-11,14.6,720
ชัยนาท,2025-12,12.8,744
ชัยภูมิ,2022-08,8.8,665
ชัยภูมิ,2022-09,10.8,720
ชัยภูมิ,2022-10,14.1,744
ชัยภูมิ,2022-11,12.4,720
ชัยภูมิ,2022-12,11.7,744
ชัยภูมิ,2023-01,15.1,744
ชัยภูมิ,2023-02,21.5,672
ชัยภูมิ,2023-03,28.9,744
ชัยภูมิ,2023-04,31.7,720
ชัยภูมิ,2023-05,17.1,744
ชัยภูมิ,2023-06,11.1,720
ชัยภูมิ,2023-07,8.7,744
ชัยภูมิ,2023-08,9.6,744
ชัยภูมิ,2023-09,8.6,720
ชัยภูมิ,2023-10,10.1,744
ชัยภูมิ,2023-11,9.9,720
ชัยภูมิ,2023-12,9.3,744
ชัยภูมิ,2024-01,11.1,744
ชัยภูมิ,2024-02,18.7,696
ชัยภูมิ,2024-03,25.5,744
ชัยภูมิ,2024-04,31.1,720
ชัยภูมิ,2024-05,17.7,744
ชัยภูมิ,2024-06,10.2,720
ชัยภูมิ,2024-07,10.6,744
ชัยภูมิ,2024-08,14.8,744
ชัยภูมิ,2024-09,10.3,720
ชัยภูมิ,2024-10,11.2,744
ชัยภูมิ,2024-11,10.7,720
ชัยภูมิ,2024-12,11.7,744
ชัยภูมิ,2025-01,19.8,744
ชัยภูมิ,2025-02,15.5,672
ชัยภูมิ,2025-03,30.2,744
ชัยภูมิ,2025-04,25.9,720
ชัยภูมิ,2025-05,19.4,744
ชัยภูมิ,2025-06,12.7,720
ชัยภูมิ,2025-07,8.3,744
ชัยภูมิ,2025-08,8.8,744
ชัยภูมิ,2025-09,8.3,720
ชัยภูมิ,2025-10,8.5,744
ชัยภูมิ,2025-11,11.3,720
ชัยภูมิ,2025-12,9.5,744
ชุมพร,2022-08,4.7,665
ชุมพร,2022-09,4.9,720
ชุมพร,2022-10,7.9,744
ชุมพร,2022-11,11.0,720
ชุมพร,2022-12,13.5,744
ชุมพร,2023-01,18.0,744
ชุมพร,2023-02,16.3,672
ชุมพร,2023-03,18.3,744
ชุมพร,2023-04,19.3,720
ชุมพร,2023-05,7.1,744
ชุมพร,2023-06,4.9,720
ชุมพร,2023-07,5.9,744
ชุมพร,2023-08,4.9,744
ชุมพร,2023-09,5.0,720
ชุมพร,2023-10,7.0,744
ชุมพร,2023-11,12.9,720
ชุมพร,2023-12,13.6,744
ชุมพร,2024-01,14.8,744
ชุมพร,2024-02,12.0,696
ชุมพร,2024-03,13.8,744
ชุมพร,2024-04,12.9,720
ชุมพร,2024-05,9.9,744
ชุมพร,2024-06,7.0,720
ชุมพร,2024-07,7.4,744
ชุมพร,2024-08,5.1,744
ชุมพร,2024-09,5.2,720
ชุมพร,2024-10,6.7,744
ชุมพร,2024-11,8.8,720
ชุมพร,2024-12,11.0,744
ชุมพร,2025-01,17.2,744
ชุมพร,2025-02,15.3,672
ชุมพร,2025-03,16.5,744
ชุมพร,2025-04,8.8,720
ชุมพร,2025-05,6.3,744
ชุมพร,2025-06,5.7,720
ชุมพร,2025-07,5.1,744
ชุมพร,2025-08,4.5,744
ชุมพร,2025-09,3.6,720
ชุมพร,2025-10,5.9,744
ชุมพร,2025-11,9.6,720
ชุมพร,2025-12,10.5,744
ตรัง,2022-08,6.4,665
ตรัง,2022-09,6.4,720
ตรัง,2022-10,6.9,744
ตรัง,2022-11,8.2,720
ตรัง,2022-12,8.2,744
ตรัง,2023-01,10.1,744
ตรัง,2023-02,10.9,672
ตรัง,2023-03,13.1,744
ตรัง,2023-04,17.7,720
ตรัง,2023-05,7.6,744
ตรัง,2023-06,8.1,720
ตรัง,2023-07,7.5,744
ตรัง,2023-08,5.2,744
ตรัง,2023-09,8.1,720
ตรัง,2023-10,6.7,744
ตรัง,2023-11,5.9,720
ตรัง,2023-12,6.9,744
ตรัง,2024-01,9.8,744
ตรัง,2024-02,9.2,696
ตรัง,2024-03,10.9,744
ตรัง,2024-04,11.1,720
ตรัง,2024-05,10.1,744
ตรัง,2024-06,8.4,720
ตรัง,2024-07,13.0,744
ตรัง,2024-08,7.5,744
ตรัง,2024-09,5.7,720
ตรัง,2024-10,6.2,744
ตรัง,2024-11,6.9,720
ตรัง,2024-12,7.9,744
ตรัง,2025-01,12.4,744
ตรัง,2025-02,11.5,672
ตรัง,2025-03,13.9,744
ตรัง,2025-04,9.9,720
ตรัง,2025-05,10.5,744
ตรัง,2025-06,13.2,720
ตรัง,2025-07,9.5,744
ตรัง,2025-08,10.0,744
ตรัง,2025-09,5.8,720
ตรัง,2025-10,5.9,744
ตรัง,2025-11,8.1,720
ตรัง,2025-12,10.3,744
ตราด,2022-08,6.6,665
ตราด,2022-09,6.9,720
ตราด,2022-10,11.2,744
ตราด,2022-11,10.3,720
ตราด,2022-12,8.0,744
ตราด,2023-01,11.3,744
ตราด,2023-02,18.8,672
ตราด,2023-03,22.1,744
ตราด,2023-04,19.7,720
ตราด,2023-05,12.0,744
ตราด,2023-06,7.6,720
ตราด,2023-07,5.9,744
ตราด,2023-08,6.8,744
ตราด,2023-09,5.5,720
ตราด,2023-10,6.9,744
ตราด,2023-11,6.7,720
ตราด,2023-12,6.0,744
ตราด,2024-01,12.0,744
ตราด,2024-02,13.9,696
ตราด,2024-03,15.0,744
ตราด,2024-04,9.1,720
ตราด,2024-05,8.6,744
ตราด,2024-06,6.8,720
ตราด,2024-07,6.5,744
ตราด,2024-08,5.8,744
ตราด,2024-09,7.2,720
ตราด,2024-10,7.6,744
ตราด,2024-11,8.4,720
ตราด,2024-12,8.0,744
ตราด,2025-01,18.5,744
ตราด,2025-02,22.2,672
ตราด,2025-03,19.9,744
ตราด,2025-04,13.7,720
ตราด,2025-05,7.7,744
ตราด,2025-06,7.1,720
ตราด,2025-07,6.6,744
ตราด,2025-08,5.8,744
ตราด,2025-09,4.7,720
ตราด,2025-10,6.6,744
ตราด,2025-11,7.7,720
ตราด,2025-12,7.3,744
ตาก,2022-08,3.7,665
ตาก,2022-09,5.4,720
ตาก,2022-10,9.4,744
ตาก,2022-11,10.4,720
ตาก,2022-12,10.7,744
ตาก,2023-01,13.0,744
ตาก,2023-02,20.8,672
ตาก,2023-03,34.3,744
ตาก,2023-04,24.1,720
ตาก,2023-05,12.2,744
ตาก,2023-06,4.3,720
ตาก,2023-07,3.7,744
ตาก,2023-08,3.5,744
ตาก,2023-09,4.2,720
ตาก,2023-10,7.4,744
ตาก,2023-11,9.9,720
ตาก,2023-12,9.7,744
ตาก,2024-01,13.7,744
ตาก,2024-02,21.8,696
ตาก,2024-03,27.1,744
ตาก,2024-04,25.5,720
ตาก,2024-05,11.0,744
ตาก,2024-06,2.4,720
ตาก,2024-07,2.7,744
ตาก,2024-08,3.5,744
ตาก,2024-09,5.5,720
ตาก,2024-10,10.7,744
ตาก,2024-11,12.7,720
ตาก,2024-12,14.2,744
ตาก,2025-01,18.7,744
ตาก,2025-02,27.3,672
ตาก,2025-03,39.6,744
ตาก,2025-04,21.9,720
ตาก,2025-05,12.5,744
ตาก,2025-06,5.9,720
ตาก,2025-07,4.4,744
ตาก,2025-08,4.8,744
ตาก,2025-09,5.5,720
ตาก,2025-10,9.2,744
ตาก,2025-11,9.9,720
ตาก,2025-12,12.9,744
นครนายก,2022-08,19.8,665
นครนายก,2022-09,19.5,720
นครนายก,2022-10,15.6,744
นครนายก,2022-11,14.3,720
นครนายก,2022-12,11.3,744
นครนายก,2023-01,17.7,744
นครนายก,2023-02,27.1,672
นครนายก,2023-03,32.5,744
นครนายก,2023-04,34.9,720
นครนายก,2023-05,27.9,744
นครนายก,2023-06,19.2,720
นครนายก,2023-07,13.7,744
นครนายก,2023-08,18.3,744
นครนายก,2023-09,17.0,720
นครนายก,2023-10,15.0,744
นครนายก,2023-11,9.7,720
นครนายก,2023-12,8.8,744
นครนายก,2024-01,16.4,744
นครนายก,2024-02,28.8,696
นครนายก,2024-03,26.4,744
นครนายก,2024-04,27.0,720
นครนายก,2024-05,23.5,744
นครนายก,2024-06,17.9,720
นครนายก,2024-07,15.3,744
นครนายก,2024-08,26.5,744
นครนายก,2024-09,16.2,720
นครนายก,2024-10,14.9,744
นครนายก,2024-11,10.8,720
นครนายก,2024-12,9.9,744
นครนายก,2025-01,20.8,744
นครนายก,2025-02,29.3,672
นครนายก,2025-03,34.1,744
นครนายก,2025-04,29.7,720
นครนายก,2025-05,23.1,744
นครนายก,2025-06,20.3,720
นครนายก,2025-07,16.0,744
นครนายก,2025-08,15.5,744
นครนายก,2025-09,12.3,720
นครนายก,2025-10,11.6,744
นครนายก,2025-11,12.5,720
นครนายก,2025-12,9.3,744
นครปฐม,2022-08,16.9,665
นครปฐม,2022-09,19.6,720
นครปฐม,2022-10,40.8,744
นครปฐม,2022-11,45.4,720
นครปฐม,2022-12,31.6,744
นครปฐม,2023-01,32.4,744
นครปฐม,2023-02,43.1,672
นครปฐม,2023-03,42.1,744
นครปฐม,2023-04,38.2,720
นครปฐม,2023-05,23.3,744
นครปฐม,2023-06,10.0,720
นครปฐม,2023-07,7.4,744
นครปฐม,2023-08,6.4,744
นครปฐม,2023-09,11.2,720
นครปฐม,2023-10,21.2,744
นครปฐม,2023-11,25.5,720
นครปฐม,2023-12,26.0,744
นครปฐม,2024-01,35.7,744
นครปฐม,2024-02,26.0,696
นครปฐม,2024-03,22.7,744
นครปฐม,2024-04,22.1,720
นครปฐม,2024-05,19.6,744
นครปฐม,2024-06,6.8,720
นครปฐม,2024-07,7.7,744
นครปฐม,2024-08,8.0,744
นครปฐม,2024-09,16.1,720
นครปฐม,2024-10,26.8,744
นครปฐม,2024-11,20.5,720
นครปฐม,2024-12,19.7,744
นครปฐม,2025-01,34.1,744
นครปฐม,2025-02,38.0,672
นครปฐม,2025-03,38.8,744
นครปฐม,2025-04,32.5,720
นครปฐม,2025-05,26.8,744
นครปฐม,2025-06,14.1,720
นครปฐม,2025-07,11.0,744
นครปฐม,2025-08,8.9,744
นครปฐม,2025-09,10.8,720
นครปฐม,2025-10,18.6,744
นครปฐม,2025-11,20.7,720
นครปฐม,2025-12,19.9,744
นครพนม,2022-08,7.2,665
นครพนม,2022-09,8.8,720
นครพนม,2022-10,13.9,744
นครพนม,2022-11,8.3,720
นครพนม,2022-12,13.1,744
นครพนม,2023-01,18.5,744
นครพนม,2023-02,28.7,672
นครพนม,2023-03,39.7,744
นครพนม,2023-04,30.5,720
นครพนม,2023-05,14.7,744
นครพนม,2023-06,10.2,720
นครพนม,2023-07,7.9,744
นครพนม,2023-08,10.4,744
นครพนม,2023-09,7.0,720
นครพนม,2023-10,10.2,744
นครพนม,2023-11,9.5,720
นครพนม,2023-12,10.0,744
นครพนม,2024-01,8.7,744
นครพนม,2024-02,20.6,696
นครพนม,2024-03,26.1,744
นครพนม,2024-04,28.7,720
นครพนม,2024-05,15.8,744
นครพนม,2024-06,9.6,720
นครพนม,2024-07,8.5,744
นครพนม,2024-08,12.6,744
นครพนม,2024-09,8.6,720
นครพนม,2024-10,11.4,744
นครพนม,2024-11,13.8,720
นครพนม,2024-12,18.7,744
นครพนม,2025-01,25.5,744
นครพนม,2025-02,13.4,672
นครพนม,2025-03,33.2,744
นครพนม,2025-04,32.0,720
นครพนม,2025-05,14.2,744
นครพนม,2025-06,12.0,720
นครพนม,2025-07,9.0,744
นครพนม,2025-08,9.4,744
นครพนม,2025-09,6.7,720
นครพนม,2025-10,10.2,744
นครพนม,2025-11,12.1,720
นครพนม,2025-12,13.4,744
นครราชสีมา,2022-08,12.9,665
นครราชสีมา,2022-09,14.7,720
นครราชสีมา,2022-10,18.1,744
นครราชสีมา,2022-11,16.9,720
นครราชสีมา,2022-12,13.3,744
นครราชสีมา,2023-01,16.9,744
นครราชสีมา,2023-02,23.1,672
นครราชสีมา,2023-03,26.7,744
นครราชสีมา,2023-04,27.6,720
นครราชสีมา,2023-05,21.0,744
นครราชสีมา,2023-06,12.8,720
นครราชสีมา,2023-07,10.7,744
นครราชสีมา,2023-08,16.0,744
นครราชสีมา,2023-09,13.1,720
นครราชสีมา,2023-10,11.7,744
นครราชสีมา,2023-11,10.5,720
นครราชสีมา,2023-12,8.7,744
นครราชสีมา,2024-01,12.4,744
นครราชสีมา,2024-02,22.4,696
นครราชสีมา,2024-03,23.1,744
นครราชสีมา,2024-04,23.4,720
นครราชสีมา,2024-05,19.7,744
นครราชสีมา,2024-06,14.3,720
นครราชสีมา,2024-07,11.2,744
นครราชสีมา,2024-08,20.1,744
นครราชสีมา,2024-09,13.7,720
นครราชสีมา,2024-10,11.3,744
นครราชสีมา,2024-11,10.1,720
นครราชสีมา,2024-12,10.3,744
นครราชสีมา,2025-01,19.1,744
นครราชสีมา,2025-02,19.6,672
นครราชสีมา,2025-03,33.4,744
นครราชสีมา,2025-04,30.5,720
นครราชสีมา,2025-05,24.5,744
นครราชสีมา,2025-06,14.0,720
นครราชสีมา,2025-07,9.8,744
นครราชสีมา,2025-08,10.6,744
นครราชสีมา,2025-09,9.9,720
นครราชสีมา,2025-10,10.1,744
นครราชสีมา,2025-11,11.8,720
นครราชสีมา,2025-12,9.9,744
นครศรีธรรมราช,2022-08,6.8,665
นครศรีธรรมราช,2022-09,6.9,720
นครศรีธรรมราช,2022-10,7.1,744
นครศรีธรรมราช,2022-11,8.4,720
นครศรีธรรมราช,2022-12,9.0,744
นครศรีธรรมราช,2023-01,11.9,744
นครศรีธรรมราช,2023-02,12.8,672
นครศรีธรรมราช,2023-03,14.1,744
นครศรีธรรมราช,2023-04,19.1,720
นครศรีธรรมราช,2023-05,8.9,744
นครศรีธรรมราช,2023-06,8.0,720
นครศรีธรรมราช,2023-07,7.4,744
นครศรีธรรมราช,2023-08,6.0,744
นครศรีธรรมราช,2023-09,7.7,720
นครศรีธรรมราช,2023-10,7.5,744
นครศรีธรรมราช,2023-11,6.7,720
นครศรีธรรมราช,2023-12,8.1,744
นครศรีธรรมราช,2024-01,12.2,744
นครศรีธรรมราช,2024-02,10.2,696
นครศรีธรรมราช,2024-03,10.9,744
นครศรีธรรมราช,2024-04,9.5,720
นครศรีธรรมราช,2024-05,9.8,744
นครศรีธรรมราช,2024-06,8.9,720
นครศรีธรรมราช,2024-07,11.9,744
นครศรีธรรมราช,2024-08,8.7,744
นครศรีธรรมราช,2024-09,5.9,720
นครศรีธรรมราช,2024-10,6.8,744
นครศรีธรรมราช,2024-11,7.7,720
นครศรีธรรมราช,2024-12,8.8,744
นครศรีธรรมราช,2025-01,14.4,744
นครศรีธรรมราช,2025-02,14.1,672
นครศรีธรรมราช,2025-03,15.7,744
นครศรีธรรมราช,2025-04,10.2,720
นครศรีธรรมราช,2025-05,9.7,744
นครศรีธรรมราช,2025-06,12.7,720
นครศรีธรรมราช,2025-07,10.2,744
นครศรีธรรมราช,2025-08,10.2,744
นครศรีธรรมราช,2025-09,6.6,720
นครศรีธรรมราช,2025-10,6.6,744
นครศรีธรรมราช,2025-11,8.7,720
นครศรีธรรมราช,2025-12,10.6,744
นครสวรรค์,2022-08,7.4,665
นครสวรรค์,2022-09,9.8,720
นครสวรรค์,2022-10,17.0,744
นครสวรรค์,2022-11,19.4,720
นครสวรรค์,2022-12,15.7,744
นครสวรรค์,2023-01,19.3,744
นครสวรรค์,2023-02,26.2,672
นครสวรรค์,2023-03,31.2,744
นครสวรรค์,2023-04,33.8,720
นครสวรรค์,2023-05,18.2,744
นครสวรรค์,2023-06,5.8,720
นครสวรรค์,2023-07,6.1,744
นครสวรรค์,2023-08,4.9,744
นครสวรรค์,2023-09,9.8,720
นครสวรรค์,2023-10,10.8,744
นครสวรรค์,2023-11,12.9,720
นครสวรรค์,2023-12,13.5,744
นครสวรรค์,2024-01,17.7,744
นครสวรรค์,2024-02,23.3,696
นครสวรรค์,2024-03,26.5,744
นครสวรรค์,2024-04,26.5,720
นครสวรรค์,2024-05,21.2,744
นครสวรรค์,2024-06,3.9,720
นครสวรรค์,2024-07,4.7,744
นครสวรรค์,2024-08,5.8,744
นครสวรรค์,2024-09,10.2,720
นครสวรรค์,2024-10,13.4,744
นครสวรรค์,2024-11,14.1,720
นครสวรรค์,2024-12,15.7,744
นครสวรรค์,2025-01,28.6,744
นครสวรรค์,2025-02,35.2,672
นครสวรรค์,2025-03,38.8,744
นครสวรรค์,2025-04,31.2,720
นครสวรรค์,2025-05,24.4,744
นครสวรรค์,2025-06,16.4,720
นครสวรรค์,2025-07,10.2,744
นครสวรรค์,2025-08,9.5,744
นครสวรรค์,2025-09,9.2,720
นครสวรรค์,2025-10,11.0,744
นครสวรรค์,2025-11,14.4,720
นครสวรรค์,2025-12,14.2,744
นนทบุรี,2022-08,43.6,665
นนทบุรี,2022-09,61.4,720
นนทบุรี,2022-10,66.2,744
นนทบุรี,2022-11,78.9,720
นนทบุรี,2022-12,55.7,744
นนทบุรี,2023-01,54.0,744
นนทบุรี,2023-02,77.5,672
นนทบุรี,2023-03,71.7,744
นนทบุรี,2023-04,64.7,720
นนทบุรี,2023-05,51.1,744
นนทบุรี,2023-06,32.3,720
นนทบุรี,2023-07,15.2,744
นนทบุรี,2023-08,14.7,744
นนทบุรี,2023-09,23.6,720
นนทบุรี,2023-10,34.2,744
นนทบุรี,2023-11,29.7,720
นนทบุรี,2023-12,29.8,744
นนทบุรี,2024-01,48.1,744
นนทบุรี,2024-02,35.8,696
นนทบุรี,2024-03,32.8,744
นนทบุรี,2024-04,30.6,720
นนทบุรี,2024-05,31.5,744
นนทบุรี,2024-06,15.0,720
นนทบุรี,2024-07,16.2,744
นนทบุรี,2024-08,18.7,744
นนทบุรี,2024-09,23.5,720
นนทบุรี,2024-10,38.6,744
นนทบุรี,2024-11,27.2,720
นนทบุรี,2024-12,24.1,744
นนทบุรี,2025-01,43.1,744
นนทบุรี,2025-02,51.9,672
นนทบุรี,2025-03,46.4,744
นนทบุรี,2025-04,41.2,720
นนทบุรี,2025-05,38.1,744
นนทบุรี,2025-06,26.1,720
นนทบุรี,2025-07,21.1,744
นนทบุรี,2025-08,19.2,744
นนทบุรี,2025-09,22.6,720
นนทบุรี,2025-10,26.6,744
นนทบุรี,2025-11,28.0,720
นนทบุรี,2025-12,25.2,744
นราธิวาส,2022-08,11.0,665
นราธิวาส,2022-09,10.0,720
นราธิวาส,2022-10,8.5,744
นราธิวาส,2022-11,9.3,720
นราธิวาส,2022-12,13.1,744
นราธิวาส,2023-01,13.6,744
นราธิวาส,2023-02,13.1,672
นราธิวาส,2023-03,14.2,744
นราธิวาส,2023-04,17.5,720
นราธิวาส,2023-05,10.9,744
นราธิวาส,2023-06,13.3,720
นราธิวาส,2023-07,13.6,744
นราธิวาส,2023-08,10.3,744
นราธิวาส,2023-09,11.8,720
นราธิวาส,2023-10,9.2,744
นราธิวาส,2023-11,7.7,720
นราธิวาส,2023-12,10.9,744
นราธิวาส,2024-01,13.3,744
นราธิวาส,2024-02,12.0,696
นราธิวาส,2024-03,12.9,744
นราธิวาส,2024-04,10.8,720
นราธิวาส,2024-05,11.1,744
นราธิวาส,2024-06,12.1,720
นราธิวาส,2024-07,21.0,744
นราธิวาส,2024-08,12.3,744
นราธิวาส,2024-09,10.8,720
นราธิวาส,2024-10,8.5,744
นราธิวาส,2024-11,6.7,720
นราธิวาส,2024-12,9.3,744
นราธิวาส,2025-01,13.6,744
นราธิวาส,2025-02,12.5,672
นราธิวาส,2025-03,13.5,744
นราธิวาส,2025-04,9.2,720
นราธิวาส,2025-05,8.6,744
นราธิวาส,2025-06,13.9,720
นราธิวาส,2025-07,14.7,744
นราธิวาส,2025-08,12.5,744
นราธิวาส,2025-09,9.7,720
นราธิวาส,2025-10,6.7,744
นราธิวาส,2025-11,8.8,720
นราธิวาส,2025-12,11.3,744
น่าน,2022-08,6.1,665
น่าน,2022-09,7.6,720
น่าน,2022-10,9.9,744
น่าน,2022-11,9.6,720
น่าน,2022-12,10.4,744
น่าน,2023-01,14.0,744
น่าน,2023-02,23.8,672
น่าน,2023-03,35.0,744
น่าน,2023-04,41.2,720
น่าน,2023-05,15.5,744
น่าน,2023-06,8.0,720
น่าน,2023-07,7.7,744
น่าน,2023-08,8.7,744
น่าน,2023-09,7.2,720
น่าน,2023-10,7.5,744
น่าน,2023-11,9.6,720
น่าน,2023-12,8.6,744
น่าน,2024-01,11.0,744
น่าน,2024-02,17.4,696
น่าน,2024-03,28.5,744
น่าน,2024-04,32.0,720
น่าน,2024-05,18.8,744
น่าน,2024-06,7.7,720
น่าน,2024-07,6.7,744
น่าน,2024-08,7.5,744
น่าน,2024-09,8.9,720
น่าน,2024-10,11.0,744
น่าน,2024-11,11.4,720
น่าน,2024-12,12.4,744
น่าน,2025-01,21.4,744
น่าน,2025-02,22.0,672
น่าน,2025-03,39.5,744
น่าน,2025-04,29.7,720
น่าน,2025-05,15.3,744
น่าน,2025-06,11.9,720
น่าน,2025-07,9.9,744
น่าน,2025-08,9.2,744
น่าน,2025-09,6.9,720
น่าน,2025-10,8.1,744
น่าน,2025-11,8.9,720
น่าน,2025-12,10.2,744
บึงกาฬ,2022-08,6.9,665
บึงกาฬ,2022-09,9.3,720
บึงกาฬ,2022-10,13.2,744
บึงกาฬ,2022-11,9.6,720
บึงกาฬ,2022-12,14.4,744
บึงกาฬ,2023-01,24.4,744
บึงกาฬ,2023-02,33.8,672
บึงกาฬ,2023-03,79.3,744
บึงกาฬ,2023-04,66.6,720
บึงกาฬ,2023-05,21.8,744
บึงกาฬ,2023-06,9.0,720
บึงกาฬ,2023-07,8.0,744
บึงกาฬ,2023-08,10.0,744
บึงกาฬ,2023-09,9.5,720
บึงกาฬ,2023-10,11.4,744
บึงกาฬ,2023-11,11.9,720
บึงกาฬ,2023-12,12.0,744
บึงกาฬ,2024-01,13.3,744
บึงกาฬ,2024-02,25.0,696
บึงกาฬ,2024-03,34.2,744
บึงกาฬ,2024-04,54.1,720
บึงกาฬ,2024-05,24.6,744
บึงกาฬ,2024-06,9.3,720
บึงกาฬ,2024-07,8.6,744
บึงกาฬ,2024-08,10.3,744
บึงกาฬ,2024-09,9.9,720
บึงกาฬ,2024-10,13.6,744
บึงกาฬ,2024-11,16.1,720
บึงกาฬ,2024-12,20.2,744
บึงกาฬ,2025-01,32.5,744
บึงกาฬ,2025-02,27.8,672
บึงกาฬ,2025-03,59.3,744
บึงกาฬ,2025-04,61.2,720
บึงกาฬ,2025-05,20.1,744
บึงกาฬ,2025-06,14.6,720
บึงกาฬ,2025-07,11.3,744
บึงกาฬ,2025-08,10.6,744
บึงกาฬ,2025-09,8.0,720
บึงกาฬ,2025-10,12.3,744
บึงกาฬ,2025-11,11.7,720
บึงกาฬ,2025-12,16.6,744
บุรีรัมย์,2022-08,10.0,665
บุรีรัมย์,2022-09,11.4,720
บุรีรัมย์,2022-10,15.3,744
บุรีรัมย์,2022-11,13.6,720
บุรีรัมย์,2022-12,10.9,744
บุรีรัมย์,2023-01,14.5,744
บุรีรัมย์,2023-02,19.8,672
บุรีรัมย์,2023-03,24.4,744
บุรีรัมย์,2023-04,22.4,720
บุรีรัมย์,2023-05,16.4,744
บุรีรัมย์,2023-06,9.4,720
บุรีรัมย์,2023-07,10.5,744
บุรีรัมย์,2023-08,13.3,744
บุรีรัมย์,2023-09,10.2,720
บุรีรัมย์,2023-10,10.0,744
บุรีรัมย์,2023-11,9.0,720
บุรีรัมย์,2023-12,7.3,744
บุรีรัมย์,2024-01,9.9,744
บุรีรัมย์,2024-02,20.8,696
บุรีรัมย์,2024-03,21.8,744
บุรีรัมย์,2024-04,18.8,720
บุรีรัมย์,2024-05,15.2,744
บุรีรัมย์,2024-06,12.2,720
บุรีรัมย์,2024-07,9.0,744
บุรีรัมย์,2024-08,11.0,744
บุรีรัมย์,2024-09,12.8,720
บุรีรัมย์,2024-10,10.6,744
บุรีรัมย์,2024-11,9.3,720
บุรีรัมย์,2024-12,10.2,744
บุรีรัมย์,2025-01,18.2,744
บุรีรัมย์,2025-02,16.4,672
บุรีรัมย์,2025-03,32.0,744
บุรีรัมย์,2025-04,29.4,720
บุรีรัมย์,2025-05,22.5,744
บุรีรัมย์,2025-06,14.9,720
บุรีรัมย์,2025-07,10.4,744
บุรีรัมย์,2025-08,9.5,744
บุรีรัมย์,2025-09,7.4,720
บุรีรัมย์,2025-10,8.0,744
บุรีรัมย์,2025-11,9.5,720
บุรีรัมย์,2025-12,7.8,744
ปทุมธานี,2022-08,35.9,665
ปทุมธานี,2022-09,48.9,720
ปทุมธานี,2022-10,33.2,744
ปทุมธานี,2022-11,37.7,720
ปทุมธานี,2022-12,22.3,744
ปทุมธานี,2023-01,35.4,744
ปทุมธานี,2023-02,59.2,672
ปทุมธานี,2023-03,47.5,744
ปทุมธานี,2023-04,50.1,720
ปทุมธานี,2023-05,44.8,744
ปทุมธานี,2023-06,31.4,720
ปทุมธานี,2023-07,18.6,744
ปทุมธานี,2023-08,18.8,744
ปทุมธานี,2023-09,25.3,720
ปทุมธานี,2023-10,29.1,744
ปทุมธานี,2023-11,16.4,720
ปทุมธานี,2023-12,15.0,744
ปทุมธานี,2024-01,31.6,744
ปทุมธานี,2024-02,32.7,696
ปทุมธานี,2024-03,31.3,744
ปทุมธานี,2024-04,29.1,720
ปทุมธานี,2024-05,30.4,744
ปทุมธานี,2024-06,19.0,720
ปทุมธานี,2024-07,18.5,744
ปทุมธานี,2024-08,26.2,744
ปทุมธานี,2024-09,23.5,720
ปทุมธานี,2024-10,30.1,744
ปทุมธานี,2024-11,17.4,720
ปทุมธานี,2024-12,15.5,744
ปทุมธานี,2025-01,31.9,744
ปทุมธานี,2025-02,47.2,672
ปทุมธานี,2025-03,40.3,744
ปทุมธานี,2025-04,36.5,720
ปทุมธานี,2025-05,31.2,744
ปทุมธานี,2025-06,26.6,720
ปทุมธานี,2025-07,21.8,744
ปทุมธานี,2025-08,21.6,744
ปทุมธานี,2025-09,19.9,720
ปทุมธานี,2025-10,17.9,744
ปทุมธานี,2025-11,18.9,720
ปทุมธานี,2025-12,15.8,744
ประจวบคีรีขันธ์,2022-08,2.8,665
ประจวบคีรีขันธ์,2022-09,3.6,720
ประจวบคีรีขันธ์,2022-10,19.8,744
ประจวบคีรีขันธ์,2022-11,20.0,720
ประจวบคีรีขันธ์,2022-12,23.2,744
ประจวบคีรีขันธ์,2023-01,24.7,744
ประจวบคีรีขันธ์,2023-02,23.0,672
ประจวบคีรีขันธ์,2023-03,24.1,744
ประจวบคีรีขันธ์,2023-04,34.4,720
ประจวบคีรีขันธ์,2023-05,9.9,744
ประจวบคีรีขันธ์,2023-06,3.6,720
ประจวบคีรีขันธ์,2023-07,3.9,744
ประจวบคีรีขันธ์,2023-08,3.3,744
ประจวบคีรีขันธ์,2023-09,3.7,720
ประจวบคีรีขันธ์,2023-10,16.6,744
ประจวบคีรีขันธ์,2023-11,25.6,720
ประจวบคีรีขันธ์,2023-12,24.6,744
ประจวบคีรีขันธ์,2024-01,30.8,744
ประจวบคีรีขันธ์,2024-02,15.3,696
ประจวบคีรีขันธ์,2024-03,16.0,744
ประจวบคีรีขันธ์,2024-04,15.1,720
ประจวบคีรีขันธ์,2024-05,10.7,744
ประจวบคีรีขันธ์,2024-06,4.1,720
ประจวบคีรีขันธ์,2024-07,3.4,744
ประจวบคีรีขันธ์,2024-08,4.0,744
ประจวบคีรีขันธ์,2024-09,4.7,720
ประจวบคีรีขันธ์,2024-10,17.9,744
ประจวบคีรีขันธ์,2024-11,15.6,720
ประจวบคีรีขันธ์,2024-12,15.3,744
ประจวบคีรีขันธ์,2025-01,22.9,744
ประจวบคีรีขันธ์,2025-02,17.9,672
ประจวบคีรีขันธ์,2025-03,20.0,744
ประจวบคีรีขันธ์,2025-04,11.1,720
ประจวบคีรีขันธ์,2025-05,7.0,744
ประจวบคีรีขันธ์,2025-06,3.9,720
ประจวบคีรีขันธ์,2025-07,3.7,744
ประจวบคีรีขันธ์,2025-08,3.3,744
ประจวบคีรีขันธ์,2025-09,2.7,720
ประจวบคีรีขันธ์,2025-10,9.9,744
ประจวบคีรีขันธ์,2025-11,12.0,720
ประจวบคีรีขันธ์,2025-12,14.2,744
ปราจีนบุรี,2022-08,15.4,665
ปราจีนบุรี,2022-09,16.7,720
ปราจีนบุรี,2022-10,15.0,744
ปราจีนบุรี,2022-11,13.8,720
ปราจีนบุรี,2022-12,9.9,744
ปราจีนบุรี,2023-01,15.3,744
ปราจีนบุรี,2023-02,20.3,672
ปราจีนบุรี,2023-03,24.5,744
ปราจีนบุรี,2023-04,26.9,720
ปราจีนบุรี,2023-05,22.5,744
ปราจีนบุรี,2023-06,14.0,720
ปราจีนบุรี,2023-07,14.9,744
ปราจีนบุรี,2023-08,17.2,744
ปราจีนบุรี,2023-09,14.9,720
ปราจีนบุรี,2023-10,15.3,744
ปราจีนบุรี,2023-11,9.3,720
ปราจีนบุรี,2023-12,8.1,744
ปราจีนบุรี,2024-01,13.5,744
ปราจีนบุรี,2024-02,22.8,696
ปราจีนบุรี,2024-03,22.3,744
ปราจีนบุรี,2024-04,18.8,720
ปราจีนบุรี,2024-05,18.9,744
ปราจีนบุรี,2024-06,17.1,720
ปราจีนบุรี,2024-07,13.5,744
ปราจีนบุรี,2024-08,19.5,744
ปราจีนบุรี,2024-09,17.9,720
ปราจีนบุรี,2024-10,13.8,744
ปราจีนบุรี,2024-11,11.2,720
ปราจีนบุรี,2024-12,10.0,744
ปราจีนบุรี,2025-01,19.4,744
ปราจีนบุรี,2025-02,26.9,672
ปราจีนบุรี,2025-03,31.5,744
ปราจีนบุรี,2025-04,26.4,720
ปราจีนบุรี,2025-05,21.1,744
ปราจีนบุรี,2025-06,17.6,720
ปราจีนบุรี,2025-07,12.8,744
ปราจีนบุรี,2025-08,14.4,744
ปราจีนบุรี,2025-09,10.8,720
ปราจีนบุรี,2025-10,11.0,744
ปราจีนบุรี,2025-11,12.0,720
ปราจีนบุรี,2025-12,9.1,744
ปัตตานี,2022-08,10.9,665
ปัตตานี,2022-09,9.1,720
ปัตตานี,2022-10,8.8,744
ปัตตานี,2022-11,8.8,720
ปัตตานี,2022-12,11.1,744
ปัตตานี,2023-01,11.8,744
ปัตตานี,2023-02,11.2,672
ปัตตานี,2023-03,14.7,744
ปัตตานี,2023-04,17.1,720
ปัตตานี,2023-05,10.0,744
ปัตตานี,2023-06,12.7,720
ปัตตานี,2023-07,10.3,744
ปัตตานี,2023-08,10.3,744
ปัตตานี,2023-09,11.5,720
ปัตตานี,2023-10,9.6,744
ปัตตานี,2023-11,7.1,720
ปัตตานี,2023-12,8.3,744
ปัตตานี,2024-01,10.2,744
ปัตตานี,2024-02,9.3,696
ปัตตานี,2024-03,10.7,744
ปัตตานี,2024-04,10.6,720
ปัตตานี,2024-05,12.0,744
ปัตตานี,2024-06,11.0,720
ปัตตานี,2024-07,19.6,744
ปัตตานี,2024-08,11.1,744
ปัตตานี,2024-09,8.1,720
ปัตตานี,2024-10,8.3,744
ปัตตานี,2024-11,6.3,720
ปัตตานี,2024-12,8.4,744
ปัตตานี,2025-01,11.9,744
ปัตตานี,2025-02,10.5,672
ปัตตานี,2025-03,12.0,744
ปัตตานี,2025-04,9.4,720
ปัตตานี,2025-05,9.4,744
ปัตตานี,2025-06,14.8,720
ปัตตานี,2025-07,11.9,744
ปัตตานี,2025-08,11.5,744
ปัตตานี,2025-09,7.8,720
ปัตตานี,2025-10,6.1,744
ปัตตานี,2025-11,8.1,720
ปัตตานี,2025-12,10.6,744
พระนครศรีอยุธยา,2022-08,27.6,665
พระนครศรีอยุธยา,2022-09,37.4,720
พระนครศรีอยุธยา,2022-10,28.4,744
พระนครศรีอยุธยา,2022-11,39.4,720
พระนครศรีอยุธยา,2022-12,18.8,744
พระนครศรีอยุธยา,2023-01,27.6,744
พระนครศรีอยุธยา,2023-02,46.4,672
พระนครศรีอยุธยา,2023-03,51.0,744
พระนครศรีอยุธยา,2023-04,55.8,720
พระนครศรีอยุธยา,2023-05,38.9,744
พระนครศรีอยุธยา,2023-06,22.1,720
พระนครศรีอยุธยา,2023-07,12.6,744
พระนครศรีอยุธยา,2023-08,11.6,744
พระนครศรีอยุธยา,2023-09,19.7,720
พระนครศรีอยุธยา,2023-10,23.2,744
พระนครศรีอยุธยา,2023-11,18.9,720
พระนครศรีอยุธยา,2023-12,20.7,744
พระนครศรีอยุธยา,2024-01,33.4,744
พระนครศรีอยุธยา,2024-02,34.5,696
พระนครศรีอยุธยา,2024-03,34.1,744
พระนครศรีอยุธยา,2024-04,32.5,720
พระนครศรีอยุธยา,2024-05,31.0,744
พระนครศรีอยุธยา,2024-06,11.8,720
พระนครศรีอยุธยา,2024-07,13.3,744
พระนครศรีอยุธยา,2024-08,14.5,744
พระนครศรีอยุธยา,2024-09,17.7,720
พระนครศรีอยุธยา,2024-10,25.7,744
พระนครศรีอยุธยา,2024-11,17.4,720
พระนครศรีอยุธยา,2024-12,15.5,744
พระนครศรีอยุธยา,2025-01,34.4,744
พระนครศรีอยุธยา,2025-02,47.6,672
พระนครศรีอยุธยา,2025-03,46.9,744
พระนครศรีอยุธยา,2025-04,44.1,720
พระนครศรีอยุธยา,2025-05,36.8,744
พระนครศรีอยุธยา,2025-06,22.3,720
พระนครศรีอยุธยา,2025-07,17.0,744
พระนครศรีอยุธยา,2025-08,14.9,744
พระนครศรีอยุธยา,2025-09,18.5,720
พระนครศรีอยุธยา,2025-10,18.4,744
พระนครศรีอยุธยา,2025-11,19.9,720
พระนครศรีอยุธยา,2025-12,16.2,744
พะเยา,2022-08,6.8,665
พะเยา,2022-09,8.4,720
พะเยา,2022-10,11.1,744
พะเยา,2022-11,12.5,720
พะเยา,2022-12,13.7,744
พะเยา,2023-01,16.2,744
พะเยา,2023-02,22.6,672
พะเยา,2023-03,33.9,744
พะเยา,2023-04,36.0,720
พะเยา,2023-05,16.2,744
พะเยา,2023-06,8.7,720
พะเยา,2023-07,8.5,744
พะเยา,2023-08,9.2,744
พะเยา,2023-09,7.5,720
พะเยา,2023-10,7.3,744
พะเยา,2023-11,10.5,720
พะเยา,2023-12,11.2,744
พะเยา,2024-01,13.4,744
พะเยา,2024-02,19.0,696
พะเยา,2024-03,29.3,744
พะเยา,2024-04,32.7,720
พะเยา,2024-05,18.7,744
พะเยา,2024-06,8.3,720
พะเยา,2024-07,7.0,744
พะเยา,2024-08,8.2,744
พะเยา,2024-09,9.7,720
พะเยา,2024-10,11.3,744
พะเยา,2024-11,12.9,720
พะเยา,2024-12,15.8,744
พะเยา,2025-01,21.7,744
พะเยา,2025-02,25.7,672
พะเยา,2025-03,41.5,744
พะเยา,2025-04,27.4,720
พะเยา,2025-05,15.0,744
พะเยา,2025-06,13.0,720
พะเยา,2025-07,9.8,744
พะเยา,2025-08,9.5,744
พะเยา,2025-09,7.4,720
พะเยา,2025-10,7.9,744
พะเยา,2025-11,8.6,720
พะเยา,2025-12,12.8,744
พังงา,2022-08,6.1,665
พังงา,2022-09,6.4,720
พังงา,2022-10,5.5,744
พังงา,2022-11,7.3,720
พังงา,2022-12,7.5,744
พังงา,2023-01,10.4,744
พังงา,2023-02,12.5,672
พังงา,2023-03,14.6,744
พังงา,2023-04,16.3,720
พังงา,2023-05,6.8,744
พังงา,2023-06,6.8,720
พังงา,2023-07,7.7,744
พังงา,2023-08,5.5,744
พังงา,2023-09,6.5,720
พังงา,2023-10,4.6,744
พังงา,2023-11,6.0,720
พังงา,2023-12,7.5,744
พังงา,2024-01,12.4,744
พังงา,2024-02,10.6,696
พังงา,2024-03,13.0,744
พังงา,2024-04,12.5,720
พังงา,2024-05,10.1,744
พังงา,2024-06,7.9,720
พังงา,2024-07,10.3,744
พังงา,2024-08,5.9,744
พังงา,2024-09,6.0,720
พังงา,2024-10,5.2,744
พังงา,2024-11,6.9,720
พังงา,2024-12,8.0,744
พังงา,2025-01,12.6,744
พังงา,2025-02,13.0,672
พังงา,2025-03,15.2,744
พังงา,2025-04,6.9,720
พังงา,2025-05,5.9,744
พังงา,2025-06,8.4,720
พังงา,2025-07,7.2,744
พังงา,2025-08,7.3,744
พังงา,2025-09,5.2,720
พังงา,2025-10,4.9,744
พังงา,2025-11,8.4,720
พังงา,2025-12,8.6,744
พัทลุง,2022-08,6.7,665
พัทลุง,2022-09,6.4,720
พัทลุง,2022-10,7.0,744
พัทลุง,2022-11,8.2,720
พัทลุง,2022-12,9.0,744
พัทลุง,2023-01,10.8,744
พัทลุง,2023-02,11.8,672
พัทลุง,2023-03,12.9,744
พัทลุง,2023-04,17.5,720
พัทลุง,2023-05,8.0,744
พัทลุง,2023-06,7.8,720
พัทลุง,2023-07,7.0,744
พัทลุง,2023-08,5.0,744
พัทลุง,2023-09,8.0,720
พัทลุง,2023-10,6.6,744
พัทลุง,2023-11,5.9,720
พัทลุง,2023-12,7.7,744
พัทลุง,2024-01,10.7,744
พัทลุง,2024-02,9.5,696
พัทลุง,2024-03,10.4,744
พัทลุง,2024-04,9.9,720
พัทลุง,2024-05,9.4,744
พัทลุง,2024-06,8.2,720
พัทลุง,2024-07,12.7,744
พัทลุง,2024-08,7.7,744
พัทลุง,2024-09,5.4,720
พัทลุง,2024-10,5.7,744
พัทลุง,2024-11,6.6,720
พัทลุง,2024-12,8.0,744
พัทลุง,2025-01,13.3,744
พัทลุง,2025-02,12.1,672
พัทลุง,2025-03,14.4,744
พัทลุง,2025-04,10.7,720
พัทลุง,2025-05,11.6,744
พัทลุง,2025-06,16.3,720
พัทลุง,2025-07,12.5,744
พัทลุง,2025-08,11.1,744
พัทลุง,2025-09,6.0,720
พัทลุง,2025-10,6.1,744
พัทลุง,2025-11,8.3,720
พัทลุง,2025-12,10.8,744
พิจิตร,2022-08,10.6,665
พิจิตร,2022-09,12.1,720
พิจิตร,2022-10,19.1,744
พิจิตร,2022-11,18.7,720
พิจิตร,2022-12,16.9,744
พิจิตร,2023-01,20.5,744
พิจิตร,2023-02,27.9,672
พิจิตร,2023-03,35.0,744
พิจิตร,2023-04,40.4,720
พิจิตร,2023-05,20.8,744
พิจิตร,2023-06,9.9,720
พิจิตร,2023-07,10.0,744
พิจิตร,2023-08,9.6,744
พิจิตร,2023-09,9.5,720
พิจิตร,2023-10,11.6,744
พิจิตร,2023-11,14.1,720
พิจิตร,2023-12,13.6,744
พิจิตร,2024-01,17.9,744
พิจิตร,2024-02,24.4,696
พิจิตร,2024-03,32.4,744
พิจิตร,2024-04,32.2,720
พิจิตร,2024-05,21.6,744
พิจิตร,2024-06,7.9,720
พิจิตร,2024-07,8.5,744
พิจิตร,2024-08,9.3,744
พิจิตร,2024-09,11.8,720
พิจิตร,2024-10,14.3,744
พิจิตร,2024-11,15.6,720
พิจิตร,2024-12,16.5,744
พิจิตร,2025-01,28.2,744
พิจิตร,2025-02,34.7,672
พิจิตร,2025-03,43.1,744
พิจิตร,2025-04,30.1,720
พิจิตร,2025-05,22.6,744
พิจิตร,2025-06,17.8,720
พิจิตร,2025-07,13.7,744
พิจิตร,2025-08,13.9,744
พิจิตร,2025-09,9.8,720
พิจิตร,2025-10,11.5,744
พิจิตร,2025-11,14.3,720
พิจิตร,2025-12,14.9,744
พิษณุโลก,2022-08,9.8,665
พิษณุโลก,2022-09,11.4,720
พิษณุโลก,2022-10,17.5,744
พิษณุโลก,2022-11,17.3,720
พิษณุโลก,2022-12,16.1,744
พิษณุโลก,2023-01,18.7,744
พิษณุโลก,2023-02,25.9,672
พิษณุโลก,2023-03,34.3,744
พิษณุโลก,2023-04,38.0,720
พิษณุโลก,2023-05,19.0,744
พิษณุโลก,2023-06,9.7,720
พิษณุโลก,2023-07,9.4,744
พิษณุโลก,2023-08,10.2,744
พิษณุโลก,2023-09,9.4,720
พิษณุโลก,2023-10,11.2,744
พิษณุโลก,2023-11,13.6,720
พิษณุโลก,2023-12,12.9,744
พิษณุโลก,2024-01,17.9,744
พิษณุโลก,2024-02,24.8,696
พิษณุโลก,2024-03,32.2,744
พิษณุโลก,2024-04,33.0,720
พิษณุโลก,2024-05,20.7,744
พิษณุโลก,2024-06,9.1,720
พิษณุโลก,2024-07,9.3,744
พิษณุโลก,2024-08,9.7,744
พิษณุโลก,2024-09,11.5,720
พิษณุโลก,2024-10,14.6,744
พิษณุโลก,2024-11,15.0,720
พิษณุโลก,2024-12,15.1,744
พิษณุโลก,2025-01,26.0,744
พิษณุโลก,2025-02,31.6,672
พิษณุโลก,2025-03,42.8,744
พิษณุโลก,2025-04,30.2,720
พิษณุโลก,2025-05,20.4,744
พิษณุโลก,2025-06,16.7,720
พิษณุโลก,2025-07,13.6,744
พิษณุโลก,2025-08,12.4,744
พิษณุโลก,2025-09,9.5,720
พิษณุโลก,2025-10,11.0,744
พิษณุโลก,2025-11,12.9,720
พิษณุโลก,2025-12,13.6,744
ภูเก็ต,2022-08,7.9,665
ภูเก็ต,2022-09,8.4,720
ภูเก็ต,2022-10,6.4,744
ภูเก็ต,2022-11,7.7,720
ภูเก็ต,2022-12,8.5,744
ภูเก็ต,2023-01,11.8,744
ภูเก็ต,2023-02,13.2,672
ภูเก็ต,2023-03,14.6,744
ภูเก็ต,2023-04,17.0,720
ภูเก็ต,2023-05,8.0,744
ภูเก็ต,2023-06,9.0,720
ภูเก็ต,2023-07,10.5,744
ภูเก็ต,2023-08,7.8,744
ภูเก็ต,2023-09,8.8,720
ภูเก็ต,2023-10,5.9,744
ภูเก็ต,2023-11,7.1,720
ภูเก็ต,2023-12,8.7,744
ภูเก็ต,2024-01,13.5,744
ภูเก็ต,2024-02,11.2,696
ภูเก็ต,2024-03,13.4,744
ภูเก็ต,2024-04,13.4,720
ภูเก็ต,2024-05,11.5,744
ภูเก็ต,2024-06,9.9,720
ภูเก็ต,2024-07,13.4,744
ภูเก็ต,2024-08,7.1,744
ภูเก็ต,2024-09,8.5,720
ภูเก็ต,2024-10,6.8,744
ภูเก็ต,2024-11,7.3,720
ภูเก็ต,2024-12,8.4,744
ภูเก็ต,2025-01,13.2,744
ภูเก็ต,2025-02,12.7,672
ภูเก็ต,2025-03,14.9,744
ภูเก็ต,2025-04,6.3,720
ภูเก็ต,2025-05,6.3,744
ภูเก็ต,2025-06,9.4,720
ภูเก็ต,2025-07,8.5,744
ภูเก็ต,2025-08,8.3,744
ภูเก็ต,2025-09,6.6,720
ภูเก็ต,2025-10,5.2,744
ภูเก็ต,2025-11,8.8,720
ภูเก็ต,2025-12,9.0,744
มหาสารคาม,2022-08,11.2,665
มหาสารคาม,2022-09,12.3,720
มหาสารคาม,2022-10,16.3,744
มหาสารคาม,2022-11,14.2,720
มหาสารคาม,2022-12,12.5,744
มหาสารคาม,2023-01,16.8,744
มหาสารคาม,2023-02,22.4,672
มหาสารคาม,2023-03,26.4,744
มหาสารคาม,2023-04,27.0,720
มหาสารคาม,2023-05,17.6,744
มหาสารคาม,2023-06,12.3,720
มหาสารคาม,2023-07,8.7,744
มหาสารคาม,2023-08,13.0,744
มหาสารคาม,2023-09,9.8,720
มหาสารคาม,2023-10,10.9,744
มหาสารคาม,2023-11,9.7,720
มหาสารคาม,2023-12,9.1,744
มหาสารคาม,2024-01,9.1,744
มหาสารคาม,2024-02,19.7,696
มหาสารคาม,2024-03,24.8,744
มหาสารคาม,2024-04,26.7,720
มหาสารคาม,2024-05,17.2,744
มหาสารคาม,2024-06,11.2,720
มหาสารคาม,2024-07,10.2,744
มหาสารคาม,2024-08,17.6,744
มหาสารคาม,2024-09,12.2,720
มหาสารคาม,2024-10,11.9,744
มหาสารคาม,2024-11,10.8,720
มหาสารคาม,2024-12,12.6,744
มหาสารคาม,2025-01,20.4,744
มหาสารคาม,2025-02,14.2,672
มหาสารคาม,2025-03,32.6,744
มหาสารคาม,2025-04,34.3,720
มหาสารคาม,2025-05,24.8,744
มหาสารคาม,2025-06,17.2,720
มหาสารคาม,2025-07,10.9,744
มหาสารคาม,2025-08,10.1,744
มหาสารคาม,2025-09,8.9,720
มหาสารคาม,2025-10,9.6,744
มหาสารคาม,2025-11,11.6,720
มหาสารคาม,2025-12,9.4,744
มุกดาหาร,2022-08,9.6,665
มุกดาหาร,2022-09,9.6,720
มุกดาหาร,2022-10,13.7,744
มุกดาหาร,2022-11,8.8,720
มุกดาหาร,2022-12,10.5,744
มุกดาหาร,2023-01,14.2,744
มุกดาหาร,2023-02,19.8,672
มุกดาหาร,2023-03,24.3,744
มุกดาหาร,2023-04,26.4,720
มุกดาหาร,2023-05,15.1,744
มุกดาหาร,2023-06,9.9,720
มุกดาหาร,2023-07,8.8,744
มุกดาหาร,2023-08,12.2,744
มุกดาหาร,2023-09,7.6,720
มุกดาหาร,2023-10,8.8,744
มุกดาหาร,2023-11,8.3,720
มุกดาหาร,2023-12,7.3,744
มุกดาหาร,2024-01,6.8,744
มุกดาหาร,2024-02,17.2,696
มุกดาหาร,2024-03,24.0,744
มุกดาหาร,2024-04,21.6,720
มุกดาหาร,2024-05,15.1,744
มุกดาหาร,2024-06,10.0,720
มุกดาหาร,2024-07,8.8,744
มุกดาหาร,2024-08,11.7,744
มุกดาหาร,2024-09,9.9,720
มุกดาหาร,2024-10,10.1,744
มุกดาหาร,2024-11,10.9,720
มุกดาหาร,2024-12,12.3,744
มุกดาหาร,2025-01,19.3,744
มุกดาหาร,2025-02,10.3,672
มุกดาหาร,2025-03,26.4,744
มุกดาหาร,2025-04,29.0,720
มุกดาหาร,2025-05,17.3,744
มุกดาหาร,2025-06,15.1,720
มุกดาหาร,2025-07,10.7,744
มุกดาหาร,2025-08,9.6,744
มุกดาหาร,2025-09,6.8,720
มุกดาหาร,2025-10,7.4,744
มุกดาหาร,2025-11,9.5,720
มุกดาหาร,2025-12,9.4,744
ยะลา,2022-08,9.1,665
ยะลา,2022-09,7.6,720
ยะลา,2022-10,6.4,744
ยะลา,2022-11,5.8,720
ยะลา,2022-12,5.7,744
ยะลา,2023-01,6.5,744
ยะลา,2023-02,7.7,672
ยะลา,2023-03,9.6,744
ยะลา,2023-04,15.1,720
ยะลา,2023-05,8.9,744
ยะลา,2023-06,11.4,720
ยะลา,2023-07,10.9,744
ยะลา,2023-08,8.8,744
ยะลา,2023-09,10.3,720
ยะลา,2023-10,8.8,744
ยะลา,2023-11,4.5,720
ยะลา,2023-12,4.5,744
ยะลา,2024-01,6.2,744
ยะลา,2024-02,8.0,696
ยะลา,2024-03,9.6,744
ยะลา,2024-04,10.6,720
ยะลา,2024-05,11.9,744
ยะลา,2024-06,10.5,720
ยะลา,2024-07,17.0,744
ยะลา,2024-08,10.1,744
ยะลา,2024-09,7.7,720
ยะลา,2024-10,7.4,744
ยะลา,2024-11,5.2,720
ยะลา,2024-12,7.4,744
ยะลา,2025-01,10.5,744
ยะลา,2025-02,12.3,672
ยะลา,2025-03,13.5,744
ยะลา,2025-04,10.5,720
ยะลา,2025-05,10.6,744
ยะลา,2025-06,16.5,720
ยะลา,2025-07,15.6,744
ยะลา,2025-08,13.3,744
ยะลา,2025-09,9.7,720
ยะลา,2025-10,7.1,744
ยะลา,2025-11,7.6,720
ยะลา,2025-12,9.5,744
ยโสธร,2022-08,10.4,665
ยโสธร,2022-09,10.7,720
ยโสธร,2022-10,14.1,744
ยโสธร,2022-11,11.5,720
ยโสธร,2022-12,10.1,744
ยโสธร,2023-01,14.4,744
ยโสธร,2023-02,18.8,672
ยโสธร,2023-03,24.5,744
ยโสธร,2023-04,25.3,720
ยโสธร,2023-05,16.7,744
ยโสธร,2023-06,9.9,720
ยโสธร,2023-07,9.4,744
ยโสธร,2023-08,13.2,744
ยโสธร,2023-09,9.0,720
ยโสธร,2023-10,8.8,744
ยโสธร,2023-11,8.3,720
ยโสธร,2023-12,6.8,744
ยโสธร,2024-01,7.6,744
ยโสธร,2024-02,18.5,696
ยโสธร,2024-03,22.3,744
ยโสธร,2024-04,20.9,720
ยโสธร,2024-05,15.7,744
ยโสธร,2024-06,11.3,720
ยโสธร,2024-07,9.1,744
ยโสธร,2024-08,11.8,744
ยโสธร,2024-09,12.0,720
ยโสธร,2024-10,10.0,744
ยโสธร,2024-11,9.6,720
ยโสธร,2024-12,10.9,744
ยโสธร,2025-01,18.5,744
ยโสธร,2025-02,13.3,672
ยโสธร,2025-03,30.2,744
ยโสธร,2025-04,33.4,720
ยโสธร,2025-05,23.7,744
ยโสธร,2025-06,17.5,720
ยโสธร,2025-07,11.7,744
ยโสธร,2025-08,10.0,744
ยโสธร,2025-09,7.1,720
ยโสธร,2025-10,7.6,744
ยโสธร,2025-11,9.2,720
ยโสธร,2025-12,8.0,744
ระนอง,2022-08,4.0,665
ระนอง,2022-09,4.3,720
ระนอง,2022-10,5.3,744
ระนอง,2022-11,8.6,720
ระนอง,2022-12,9.9,744
ระนอง,2023-01,14.2,744
ระนอง,2023-02,12.5,672
ระนอง,2023-03,15.6,744
ระนอง,2023-04,15.8,720
ระนอง,2023-05,5.6,744
ระนอง,2023-06,4.4,720
ระนอง,2023-07,5.8,744
ระนอง,2023-08,4.7,744
ระนอง,2023-09,4.8,720
ระนอง,2023-10,5.3,744
ระนอง,2023-11,9.3,720
ระนอง,2023-12,10.5,744
ระนอง,2024-01,12.0,744
ระนอง,2024-02,10.8,696
ระนอง,2024-03,13.0,744
ระนอง,2024-04,13.4,720
ระนอง,2024-05,9.0,744
ระนอง,2024-06,6.4,720
ระนอง,2024-07,6.9,744
ระนอง,2024-08,4.9,744
ระนอง,2024-09,5.0,720
ระนอง,2024-10,5.7,744
ระนอง,2024-11,7.4,720
ระนอง,2024-12,10.0,744
ระนอง,2025-01,15.6,744
ระนอง,2025-02,14.4,672
ระนอง,2025-03,16.0,744
ระนอง,2025-04,8.5,720
ระนอง,2025-05,6.6,744
ระนอง,2025-06,6.1,720
ระนอง,2025-07,5.5,744
ระนอง,2025-08,5.1,744
ระนอง,2025-09,3.8,720
ระนอง,2025-10,5.8,744
ระนอง,2025-11,9.0,720
ระนอง,2025-12,9.7,744
ระยอง,2022-08,7.8,665
ระยอง,2022-09,11.3,720
ระยอง,2022-10,18.0,744
ระยอง,2022-11,16.8,720
ระยอง,2022-12,11.5,744
ระยอง,2023-01,15.2,744
ระยอง,2023-02,26.6,672
ระยอง,2023-03,24.6,744
ระยอง,2023-04,26.2,720
ระยอง,2023-05,13.1,744
ระยอง,2023-06,7.7,720
ระยอง,2023-07,6.6,744
ระยอง,2023-08,6.0,744
ระยอง,2023-09,9.6,720
ระยอง,2023-10,13.9,744
ระยอง,2023-11,9.9,720
ระยอง,2023-12,10.9,744
ระยอง,2024-01,23.4,744
ระยอง,2024-02,16.1,696
ระยอง,2024-03,16.3,744
ระยอง,2024-04,11.6,720
ระยอง,2024-05,12.4,744
ระยอง,2024-06,6.8,720
ระยอง,2024-07,6.2,744
ระยอง,2024-08,7.7,744
ระยอง,2024-09,8.7,720
ระยอง,2024-10,18.5,744
ระยอง,2024-11,11.7,720
ระยอง,2024-12,10.1,744
ระยอง,2025-01,21.2,744
ระยอง,2025-02,22.9,672
ระยอง,2025-03,21.8,744
ระยอง,2025-04,14.3,720
ระยอง,2025-05,10.9,744
ระยอง,2025-06,7.1,720
ระยอง,2025-07,6.2,744
ระยอง,2025-08,6.1,744
ระยอง,2025-09,6.0,720
ระยอง,2025-10,10.8,744
ระยอง,2025-11,11.7,720
ระยอง,2025-12,11.3,744
ราชบุรี,2022-08,17.1,665
ราชบุรี,2022-09,19.9,720
ราชบุรี,2022-10,47.5,744
ราชบุรี,2022-11,48.8,720
ราชบุรี,2022-12,40.3,744
ราชบุรี,2023-01,38.1,744
ราชบุรี,2023-02,43.3,672
ราชบุรี,2023-03,42.0,744
ราชบุรี,2023-04,34.4,720
ราชบุรี,2023-05,19.5,744
ราชบุรี,2023-06,9.7,720
ราชบุรี,2023-07,8.3,744
ราชบุรี,2023-08,6.6,744
ราชบุรี,2023-09,11.1,720
ราชบุรี,2023-10,26.5,744
ราชบุรี,2023-11,33.8,720
ราชบุรี,2023-12,32.3,744
ราชบุรี,2024-01,40.9,744
ราชบุรี,2024-02,24.5,696
ราชบุรี,2024-03,20.9,744
ราชบุรี,2024-04,20.2,720
ราชบุรี,2024-05,18.1,744
ราชบุรี,2024-06,7.2,720
ราชบุรี,2024-07,8.3,744
ราชบุรี,2024-08,10.5,744
ราชบุรี,2024-09,15.8,720
ราชบุรี,2024-10,34.6,744
ราชบุรี,2024-11,24.4,720
ราชบุรี,2024-12,22.9,744
ราชบุรี,2025-01,34.2,744
ราชบุรี,2025-02,35.0,672
ราชบุรี,2025-03,34.1,744
ราชบุรี,2025-04,27.4,720
ราชบุรี,2025-05,22.3,744
ราชบุรี,2025-06,14.2,720
ราชบุรี,2025-07,10.2,744
ราชบุรี,2025-08,9.5,744
ราชบุรี,2025-09,9.9,720
ราชบุรี,2025-10,19.1,744
ราชบุรี,2025-11,20.9,720
ราชบุรี,2025-12,21.8,744
ร้อยเอ็ด,2022-08,11.6,665
ร้อยเอ็ด,2022-09,12.1,720
ร้อยเอ็ด,2022-10,16.0,744
ร้อยเอ็ด,2022-11,13.1,720
ร้อยเอ็ด,2022-12,11.7,744
ร้อยเอ็ด,2023-01,16.2,744
ร้อยเอ็ด,2023-02,21.4,672
ร้อยเอ็ด,2023-03,25.3,744
ร้อยเอ็ด,2023-04,26.0,720
ร้อยเอ็ด,2023-05,17.3,744
ร้อยเอ็ด,2023-06,11.8,720
ร้อยเอ็ด,2023-07,9.0,744
ร้อยเอ็ด,2023-08,13.9,744
ร้อยเอ็ด,2023-09,9.8,720
ร้อยเอ็ด,2023-10,10.2,744
ร้อยเอ็ด,2023-11,9.2,720
ร้อยเอ็ด,2023-12,8.4,744
ร้อยเอ็ด,2024-01,8.3,744
ร้อยเอ็ด,2024-02,19.2,696
ร้อยเอ็ด,2024-03,23.9,744
ร้อยเอ็ด,2024-04,24.2,720
ร้อยเอ็ด,2024-05,17.1,744
ร้อยเอ็ด,2024-06,11.8,720
ร้อยเอ็ด,2024-07,9.9,744
ร้อยเอ็ด,2024-08,16.2,744
ร้อยเอ็ด,2024-09,12.6,720
ร้อยเอ็ด,2024-10,11.4,744
ร้อยเอ็ด,2024-11,10.4,720
ร้อยเอ็ด,2024-12,12.1,744
ร้อยเอ็ด,2025-01,20.1,744
ร้อยเอ็ด,2025-02,14.0,672
ร้อยเอ็ด,2025-03,32.8,744
ร้อยเอ็ด,2025-04,36.1,720
ร้อยเอ็ด,2025-05,26.1,744
ร้อยเอ็ด,2025-06,19.0,720
ร้อยเอ็ด,2025-07,12.0,744
ร้อยเอ็ด,2025-08,10.6,744
ร้อยเอ็ด,2025-09,8.5,720
ร้อยเอ็ด,2025-10,9.1,744
ร้อยเอ็ด,2025-11,10.7,720
ร้อยเอ็ด,2025-12,9.0,744
ลพบุรี,2022-08,22.9,665
ลพบุรี,2022-09,26.3,720
ลพบุรี,2022-10,19.2,744
ลพบุรี,2022-11,20.6,720
ลพบุรี,2022-12,13.6,744
ลพบุรี,2023-01,20.8,744
ลพบุรี,2023-02,36.0,672
ลพบุรี,2023-03,41.9,744
ลพบุรี,2023-04,47.4,720
ลพบุรี,2023-05,32.9,744
ลพบุรี,2023-06,21.5,720
ลพบุรี,2023-07,14.2,744
ลพบุรี,2023-08,14.0,744
ลพบุรี,2023-09,19.6,720
ลพบุรี,2023-10,18.5,744
ลพบุรี,2023-11,12.5,720
ลพบุรี,2023-12,13.0,744
ลพบุรี,2024-01,21.8,744
ลพบุรี,2024-02,36.2,696
ลพบุรี,2024-03,34.9,744
ลพบุรี,2024-04,36.0,720
ลพบุรี,2024-05,32.7,744
ลพบุรี,2024-06,14.4,720
ลพบุรี,2024-07,15.9,744
ลพบุรี,2024-08,21.4,744
ลพบุรี,2024-09,18.2,720
ลพบุรี,2024-10,19.5,744
ลพบุรี,2024-11,12.8,720
ลพบุรี,2024-12,11.3,744
ลพบุรี,2025-01,23.9,744
ลพบุรี,2025-02,34.4,672
ลพบุรี,2025-03,36.7,744
ลพบุรี,2025-04,34.5,720
ลพบุรี,2025-05,27.7,744
ลพบุรี,2025-06,18.1,720
ลพบุรี,2025-07,14.3,744
ลพบุรี,2025-08,13.7,744
ลพบุรี,2025-09,15.4,720
ลพบุรี,2025-10,13.6,744
ลพบุรี,2025-11,15.9,720
ลพบุรี,2025-12,11.0,744
ลำปาง,2022-08,9.9,665
ลำปาง,2022-09,12.3,720
ลำปาง,2022-10,17.1,744
ลำปาง,2022-11,18.1,720
ลำปาง,2022-12,22.1,744
ลำปาง,2023-01,21.7,744
ลำปาง,2023-02,30.0,672
ลำปาง,2023-03,36.4,744
ลำปาง,2023-04,34.8,720
ลำปาง,2023-05,18.4,744
ลำปาง,2023-06,9.8,720
ลำปาง,2023-07,8.4,744
ลำปาง,2023-08,8.1,744
ลำปาง,2023-09,9.6,720
ลำปาง,2023-10,10.3,744
ลำปาง,2023-11,11.8,720
ลำปาง,2023-12,11.5,744
ลำปาง,2024-01,15.0,744
ลำปาง,2024-02,20.2,696
ลำปาง,2024-03,28.4,744
ลำปาง,2024-04,30.1,720
ลำปาง,2024-05,17.7,744
ลำปาง,2024-06,7.2,720
ลำปาง,2024-07,6.6,744
ลำปาง,2024-08,7.4,744
ลำปาง,2024-09,10.0,720
ลำปาง,2024-10,14.5,744
ลำปาง,2024-11,12.5,720
ลำปาง,2024-12,14.5,744
ลำปาง,2025-01,19.9,744
ลำปาง,2025-02,25.1,672
ลำปาง,2025-03,37.9,744
ลำปาง,2025-04,23.8,720
ลำปาง,2025-05,13.6,744
ลำปาง,2025-06,11.5,720
ลำปาง,2025-07,8.0,744
ลำปาง,2025-08,9.7,744
ลำปาง,2025-09,11.0,720
ลำปาง,2025-10,10.3,744
ลำปาง,2025-11,9.4,720
ลำปาง,2025-12,13.1,744
ลำพูน,2022-08,7.2,665
ลำพูน,2022-09,10.2,720
ลำพูน,2022-10,17.6,744
ลำพูน,2022-11,19.1,720
ลำพูน,2022-12,20.0,744
ลำพูน,2023-01,21.2,744
ลำพูน,2023-02,27.1,672
ลำพูน,2023-03,32.5,744
ลำพูน,2023-04,29.9,720
ลำพูน,2023-05,15.5,744
ลำพูน,2023-06,8.0,720
ลำพูน,2023-07,7.7,744
ลำพูน,2023-08,7.5,744
ลำพูน,2023-09,10.0,720
ลำพูน,2023-10,11.8,744
ลำพูน,2023-11,17.5,720
ลำพูน,2023-12,17.1,744
ลำพูน,2024-01,16.4,744
ลำพูน,2024-02,20.2,696
ลำพูน,2024-03,26.5,744
ลำพูน,2024-04,28.6,720
ลำพูน,2024-05,17.0,744
ลำพูน,2024-06,6.9,720
ลำพูน,2024-07,5.8,744
ลำพูน,2024-08,7.4,744
ลำพูน,2024-09,10.3,720
ลำพูน,2024-10,16.9,744
ลำพูน,2024-11,18.2,720
ลำพูน,2024-12,20.4,744
ลำพูน,2025-01,23.3,744
ลำพูน,2025-02,26.7,672
ลำพูน,2025-03,40.8,744
ลำพูน,2025-04,24.7,720
ลำพูน,2025-05,13.0,744
ลำพูน,2025-06,9.7,720
ลำพูน,2025-07,7.8,744
ลำพูน,2025-08,8.2,744
ลำพูน,2025-09,10.0,720
ลำพูน,2025-10,13.0,744
ลำพูน,2025-11,13.1,720
ลำพูน,2025-12,19.7,744
ศรีสะเกษ,2022-08,10.4,665
ศรีสะเกษ,2022-09,10.9,720
ศรีสะเกษ,2022-10,14.7,744
ศรีสะเกษ,2022-11,12.4,720
ศรีสะเกษ,2022-12,9.9,744
ศรีสะเกษ,2023-01,14.1,744
ศรีสะเกษ,2023-02,19.8,672
ศรีสะเกษ,2023-03,26.8,744
ศรีสะเกษ,2023-04,27.3,720
ศรีสะเกษ,2023-05,16.9,744
ศรีสะเกษ,2023-06,9.3,720
ศรีสะเกษ,2023-07,10.9,744
ศรีสะเกษ,2023-08,11.2,744
ศรีสะเกษ,2023-09,8.8,720
ศรีสะเกษ,2023-10,9.0,744
ศรีสะเกษ,2023-11,8.9,720
ศรีสะเกษ,2023-12,6.7,744
ศรีสะเกษ,2024-01,8.5,744
ศรีสะเกษ,2024-02,19.4,696
ศรีสะเกษ,2024-03,23.8,744
ศรีสะเกษ,2024-04,21.8,720
ศรีสะเกษ,2024-05,15.6,744
ศรีสะเกษ,2024-06,10.2,720
ศรีสะเกษ,2024-07,8.7,744
ศรีสะเกษ,2024-08,10.1,744
ศรีสะเกษ,2024-09,11.6,720
ศรีสะเกษ,2024-10,10.3,744
ศรีสะเกษ,2024-11,9.5,720
ศรีสะเกษ,2024-12,10.4,744
ศรีสะเกษ,2025-01,18.2,744
ศรีสะเกษ,2025-02,14.1,672
ศรีสะเกษ,2025-03,31.9,744
ศรีสะเกษ,2025-04,33.4,720
ศรีสะเกษ,2025-05,22.8,744
ศรีสะเกษ,2025-06,15.4,720
ศรีสะเกษ,2025-07,10.3,744
ศรีสะเกษ,2025-08,9.5,744
ศรีสะเกษ,2025-09,7.0,720
ศรีสะเกษ,2025-10,7.3,744
ศรีสะเกษ,2025-11,9.2,720
ศรีสะเกษ,2025-12,7.8,744
สกลนคร,2022-08,10.3,665
สกลนคร,2022-09,11.0,720
สกลนคร,2022-10,16.1,744
สกลนคร,2022-11,10.9,720
สกลนคร,2022-12,13.9,744
สกลนคร,2023-01,18.7,744
สกลนคร,2023-02,24.1,672
สกลนคร,2023-03,27.2,744
สกลนคร,2023-04,27.8,720
สกลนคร,2023-05,15.6,744
สกลนคร,2023-06,12.5,720
สกลนคร,2023-07,8.6,744
สกลนคร,2023-08,11.8,744
สกลนคร,2023-09,7.9,720
สกลนคร,2023-10,11.1,744
สกลนคร,2023-11,10.0,720
สกลนคร,2023-12,10.5,744
สกลนคร,2024-01,8.4,744
สกลนคร,2024-02,18.4,696
สกลนคร,2024-03,24.8,744
สกลนคร,2024-04,26.3,720
สกลนคร,2024-05,16.7,744
สกลนคร,2024-06,10.8,720
สกลนคร,2024-07,10.4,744
สกลนคร,2024-08,16.3,744
สกลนคร,2024-09,9.8,720
สกลนคร,2024-10,12.0,744
สกลนคร,2024-11,13.7,720
สกลนคร,2024-12,16.9,744
สกลนคร,2025-01,23.5,744
สกลนคร,2025-02,12.8,672
สกลนคร,2025-03,28.4,744
สกลนคร,2025-04,29.6,720
สกลนคร,2025-05,17.9,744
สกลนคร,2025-06,15.2,720
สกลนคร,2025-07,10.4,744
สกลนคร,2025-08,9.3,744
สกลนคร,2025-09,7.0,720
สกลนคร,2025-10,9.7,744
สกลนคร,2025-11,12.1,720
สกลนคร,2025-12,11.1,744
สงขลา,2022-08,9.9,665
สงขลา,2022-09,8.3,720
สงขลา,2022-10,9.2,744
สงขลา,2022-11,9.1,720
สงขลา,2022-12,8.8,744
สงขลา,2023-01,10.6,744
สงขลา,2023-02,10.2,672
สงขลา,2023-03,13.1,744
สงขลา,2023-04,17.7,720
สงขลา,2023-05,9.7,744
สงขลา,2023-06,11.1,720
สงขลา,2023-07,8.5,744
สงขลา,2023-08,6.1,744
สงขลา,2023-09,10.2,720
สงขลา,2023-10,7.9,744
สงขลา,2023-11,6.5,720
สงขลา,2023-12,6.9,744
สงขลา,2024-01,8.9,744
สงขลา,2024-02,8.7,696
สงขลา,2024-03,10.7,744
สงขลา,2024-04,11.1,720
สงขลา,2024-05,10.9,744
สงขลา,2024-06,10.5,720
สงขลา,2024-07,17.7,744
สงขลา,2024-08,9.2,744
สงขลา,2024-09,6.7,720
สงขลา,2024-10,7.2,744
สงขลา,2024-11,6.2,720
สงขลา,2024-12,8.1,744
สงขลา,2025-01,12.2,744
สงขลา,2025-02,10.9,672
สงขลา,2025-03,13.4,744
สงขลา,2025-04,9.7,720
สงขลา,2025-05,10.4,744
สงขลา,2025-06,14.1,720
สงขลา,2025-07,11.5,744
สงขลา,2025-08,11.9,744
สงขลา,2025-09,7.3,720
สงขลา,2025-10,6.6,744
สงขลา,2025-11,8.4,720
สงขลา,2025-12,11.4,744
สตูล,2022-08,7.2,665
สตูล,2022-09,6.7,720
สตูล,2022-10,6.8,744
สตูล,2022-11,7.1,720
สตูล,2022-12,7.9,744
สตูล,2023-01,9.2,744
สตูล,2023-02,9.8,672
สตูล,2023-03,12.1,744
สตูล,2023-04,16.1,720
สตูล,2023-05,8.5,744
สตูล,2023-06,8.8,720
สตูล,2023-07,7.5,744
สตูล,2023-08,5.5,744
สตูล,2023-09,8.9,720
สตูล,2023-10,5.8,744
สตูล,2023-11,5.3,720
สตูล,2023-12,6.4,744
สตูล,2024-01,8.6,744
สตูล,2024-02,8.4,696
สตูล,2024-03,10.4,744
สตูล,2024-04,9.6,720
สตูล,2024-05,8.9,744
สตูล,2024-06,9.4,720
สตูล,2024-07,15.5,744
สตูล,2024-08,7.5,744
สตูล,2024-09,6.1,720
สตูล,2024-10,5.2,744
สตูล,2024-11,5.2,720
สตูล,2024-12,7.0,744
สตูล,2025-01,11.8,744
สตูล,2025-02,10.8,672
สตูล,2025-03,13.0,744
สตูล,2025-04,7.8,720
สตูล,2025-05,8.0,744
สตูล,2025-06,11.4,720
สตูล,2025-07,9.4,744
สตูล,2025-08,9.8,744
สตูล,2025-09,5.9,720
สตูล,2025-10,5.0,744
สตูล,2025-11,6.8,720
สตูล,2025-12,9.6,744
สมุทรปราการ,2022-08,21.2,665
สมุทรปราการ,2022-09,33.6,720
สมุทรปราการ,2022-10,41.5,744
สมุทรปราการ,2022-11,45.8,720
สมุทรปราการ,2022-12,37.0,744
สมุทรปราการ,2023-01,45.5,744
สมุทรปราการ,2023-02,70.4,672
สมุทรปราการ,2023-03,49.3,744
สมุทรปราการ,2023-04,43.6,720
สมุทรปราการ,2023-05,34.9,744
สมุทรปราการ,2023-06,20.4,720
สมุทรปราการ,2023-07,13.9,744
สมุทรปราการ,2023-08,12.0,744
สมุทรปราการ,2023-09,21.3,720
สมุทรปราการ,2023-10,34.2,744
สมุทรปราการ,2023-11,20.1,720
สมุทรปราการ,2023-12,19.6,744
สมุทรปราการ,2024-01,37.6,744
สมุทรปราการ,2024-02,24.1,696
สมุทรปราการ,2024-03,22.4,744
สมุทรปราการ,2024-04,19.5,720
สมุทรปราการ,2024-05,22.0,744
สมุทรปราการ,2024-06,12.1,720
สมุทรปราการ,2024-07,11.6,744
สมุทรปราการ,2024-08,17.0,744
สมุทรปราการ,2024-09,18.9,720
สมุทรปราการ,2024-10,38.8,744
สมุทรปราการ,2024-11,19.1,720
สมุทรปราการ,2024-12,16.7,744
สมุทรปราการ,2025-01,29.8,744
สมุทรปราการ,2025-02,37.1,672
สมุทรปราการ,2025-03,29.8,744
สมุทรปราการ,2025-04,20.8,720
สมุทรปราการ,2025-05,17.6,744
สมุทรปราการ,2025-06,13.6,720
สมุทรปราการ,2025-07,11.5,744
สมุทรปราการ,2025-08,14.0,744
สมุทรปราการ,2025-09,12.4,720
สมุทรปราการ,2025-10,18.9,744
สมุทรปราการ,2025-11,20.9,720
สมุทรปราการ,2025-12,20.4,744
สมุทรสงคราม,2022-08,17.1,665
สมุทรสงคราม,2022-09,19.9,720
สมุทรสงคราม,2022-10,47.5,744
สมุทรสงคราม,2022-11,48.8,720
สมุทรสงคราม,2022-12,40.3,744
สมุทรสงคราม,2023-01,38.1,744
สมุทรสงคราม,2023-02,43.3,672
สมุทรสงคราม,2023-03,42.0,744
สมุทรสงคราม,2023-04,34.4,720
สมุทรสงคราม,2023-05,19.5,744
สมุทรสงคราม,2023-06,9.7,720
สมุทรสงคราม,2023-07,8.3,744
สมุทรสงคราม,2023-08,6.6,744
สมุทรสงคราม,2023-09,11.1,720
สมุทรสงคราม,2023-10,26.5,744
สมุทรสงคราม,2023-11,33.8,720
สมุทรสงคราม,2023-12,32.3,744
สมุทรสงคราม,2024-01,40.9,744
สมุทรสงคราม,2024-02,24.5,696
สมุทรสงคราม,2024-03,20.9,744
สมุทรสงคราม,2024-04,20.2,720
สมุทรสงคราม,2024-05,18.1,744
สมุทรสงคราม,2024-06,7.2,720
สมุทรสงคราม,2024-07,8.3,744
สมุทรสงคราม,2024-08,10.5,744
สมุทรสงคราม,2024-09,15.8,720
สมุทรสงคราม,2024-10,34.6,744
สมุทรสงคราม,2024-11,24.4,720
สมุทรสงคราม,2024-12,22.9,744
สมุทรสงคราม,2025-01,34.2,744
สมุทรสงคราม,2025-02,35.0,672
สมุทรสงคราม,2025-03,34.1,744
สมุทรสงคราม,2025-04,27.4,720
สมุทรสงคราม,2025-05,22.3,744
สมุทรสงคราม,2025-06,14.2,720
สมุทรสงคราม,2025-07,10.2,744
สมุทรสงคราม,2025-08,9.5,744
สมุทรสงคราม,2025-09,9.9,720
สมุทรสงคราม,2025-10,19.1,744
สมุทรสงคราม,2025-11,20.9,720
สมุทรสงคราม,2025-12,21.8,744
สมุทรสาคร,2022-08,21.1,665
สมุทรสาคร,2022-09,30.0,720
สมุทรสาคร,2022-10,66.0,744
สมุทรสาคร,2022-11,76.6,720
สมุทรสาคร,2022-12,67.9,744
สมุทรสาคร,2023-01,67.2,744
สมุทรสาคร,2023-02,82.7,672
สมุทรสาคร,2023-03,67.6,744
สมุทรสาคร,2023-04,46.8,720
สมุทรสาคร,2023-05,32.9,744
สมุทรสาคร,2023-06,17.3,720
สมุทรสาคร,2023-07,10.8,744
สมุทรสาคร,2023-08,9.3,744
สมุทรสาคร,2023-09,16.6,720
สมุทรสาคร,2023-10,38.6,744
สมุทรสาคร,2023-11,35.5,720
สมุทรสาคร,2023-12,36.3,744
สมุทรสาคร,2024-01,54.3,744
สมุทรสาคร,2024-02,25.5,696
สมุทรสาคร,2024-03,21.9,744
สมุทรสาคร,2024-04,20.1,720
สมุทรสาคร,2024-05,20.3,744
สมุทรสาคร,2024-06,9.3,720
สมุทรสาคร,2024-07,9.3,744
สมุทรสาคร,2024-08,13.0,744
สมุทรสาคร,2024-09,18.6,720
สมุทรสาคร,2024-10,46.6,744
สมุทรสาคร,2024-11,28.5,720
สมุทรสาคร,2024-12,26.5,744
สมุทรสาคร,2025-01,40.5,744
สมุทรสาคร,2025-02,40.6,672
สมุทรสาคร,2025-03,33.0,744
สมุทรสาคร,2025-04,22.4,720
สมุทรสาคร,2025-05,17.7,744
สมุทรสาคร,2025-06,12.1,720
สมุทรสาคร,2025-07,9.9,744
สมุทรสาคร,2025-08,11.3,744
สมุทรสาคร,2025-09,11.1,720
สมุทรสาคร,2025-10,24.7,744
สมุทรสาคร,2025-11,27.0,720
สมุทรสาคร,2025-12,30.7,744
สระบุรี,2022-08,22.9,665
สระบุรี,2022-09,26.3,720
สระบุรี,2022-10,19.2,744
สระบุรี,2022-11,20.6,720
สระบุรี,2022-12,13.6,744
สระบุรี,2023-01,20.8,744
สระบุรี,2023-02,36.0,672
สระบุรี,2023-03,41.9,744
สระบุรี,2023-04,47.4,720
สระบุรี,2023-05,32.9,744
สระบุรี,2023-06,21.5,720
สระบุรี,2023-07,14.2,744
สระบุรี,2023-08,14.0,744
สระบุรี,2023-09,19.6,720
สระบุรี,2023-10,18.5,744
สระบุรี,2023-11,12.5,720
สระบุรี,2023-12,13.0,744
สระบุรี,2024-01,21.8,744
สระบุรี,2024-02,36.2,696
สระบุรี,2024-03,34.9,744
สระบุรี,2024-04,36.0,720
สระบุรี,2024-05,32.7,744
สระบุรี,2024-06,14.4,720
สระบุรี,2024-07,15.9,744
สระบุรี,2024-08,21.4,744
สระบุรี,2024-09,18.2,720
สระบุรี,2024-10,19.5,744
สระบุรี,2024-11,12.8,720
สระบุรี,2024-12,11.3,744
สระบุรี,2025-01,23.9,744
สระบุรี,2025-02,34.4,672
สระบุรี,2025-03,36.7,744
สระบุรี,2025-04,34.5,720
สระบุรี,2025-05,27.7,744
สระบุรี,2025-06,18.1,720
สระบุรี,2025-07,14.3,744
สระบุรี,2025-08,13.7,744
สระบุรี,2025-09,15.4,720
สระบุรี,2025-10,13.6,744
สระบุรี,2025-11,15.9,720
สระบุรี,2025-12,11.0,744
สระแก้ว,2022-08,6.6,665
สระแก้ว,2022-09,10.6,720
สระแก้ว,2022-10,12.7,744
สระแก้ว,2022-11,11.3,720
สระแก้ว,2022-12,9.3,744
สระแก้ว,2023-01,13.0,744
สระแก้ว,2023-02,18.8,672
สระแก้ว,2023-03,21.4,744
สระแก้ว,2023-04,20.0,720
สระแก้ว,2023-05,13.4,744
สระแก้ว,2023-06,7.9,720
สระแก้ว,2023-07,9.6,744
สระแก้ว,2023-08,8.5,744
สระแก้ว,2023-09,8.6,720
สระแก้ว,2023-10,11.3,744
สระแก้ว,2023-11,8.5,720
สระแก้ว,2023-12,8.1,744
สระแก้ว,2024-01,14.1,744
สระแก้ว,2024-02,18.6,696
สระแก้ว,2024-03,18.8,744
สระแก้ว,2024-04,12.7,720
สระแก้ว,2024-05,12.4,744
สระแก้ว,2024-06,8.4,720
สระแก้ว,2024-07,7.5,744
สระแก้ว,2024-08,8.2,744
สระแก้ว,2024-09,12.0,720
สระแก้ว,2024-10,12.4,744
สระแก้ว,2024-11,9.8,720
สระแก้ว,2024-12,9.2,744
สระแก้ว,2025-01,19.8,744
สระแก้ว,2025-02,23.5,672
สระแก้ว,2025-03,29.3,744
สระแก้ว,2025-04,24.2,720
สระแก้ว,2025-05,21.5,744
สระแก้ว,2025-06,10.6,720
สระแก้ว,2025-07,7.3,744
สระแก้ว,2025-08,7.8,744
สระแก้ว,2025-09,7.2,720
สระแก้ว,2025-10,9.3,744
สระแก้ว,2025-11,10.5,720
สระแก้ว,2025-12,8.7,744
สิงห์บุรี,2022-08,16.6,665
สิงห์บุรี,2022-09,20.7,720
สิงห์บุรี,2022-10,19.1,744
สิงห์บุรี,2022-11,25.6,720
สิงห์บุรี,2022-12,13.8,744
สิงห์บุรี,2023-01,20.1,744
สิงห์บุรี,2023-02,34.5,672
สิงห์บุรี,2023-03,39.7,744
สิงห์บุรี,2023-04,49.2,720
สิงห์บุรี,2023-05,28.3,744
สิงห์บุรี,2023-06,13.6,720
สิงห์บุรี,2023-07,10.5,744
สิงห์บุรี,2023-08,8.0,744
สิงห์บุรี,2023-09,15.4,720
สิงห์บุรี,2023-10,16.8,744
สิงห์บุรี,2023-11,14.8,720
สิงห์บุรี,2023-12,16.3,744
สิงห์บุรี,2024-01,23.1,744
สิงห์บุรี,2024-02,31.9,696
สิงห์บุรี,2024-03,32.8,744
สิงห์บุรี,2024-04,32.3,720
สิงห์บุรี,2024-05,28.7,744
สิงห์บุรี,2024-06,8.1,720
สิงห์บุรี,2024-07,9.5,744
สิงห์บุรี,2024-08,9.7,744
สิงห์บุรี,2024-09,15.0,720
สิงห์บุรี,2024-10,18.6,744
สิงห์บุรี,2024-11,13.5,720
สิงห์บุรี,2024-12,12.5,744
สิงห์บุรี,2025-01,26.6,744
สิงห์บุรี,2025-02,36.4,672
สิงห์บุรี,2025-03,40.4,744
สิงห์บุรี,2025-04,38.5,720
สิงห์บุรี,2025-05,31.1,744
สิงห์บุรี,2025-06,15.5,720
สิงห์บุรี,2025-07,11.0,744
สิงห์บุรี,2025-08,10.2,744
สิงห์บุรี,2025-09,13.5,720
สิงห์บุรี,2025-10,14.3,744
สิงห์บุรี,2025-11,16.4,720
สิงห์บุรี,2025-12,12.5,744
สุพรรณบุรี,2022-08,10.0,665
สุพรรณบุรี,2022-09,12.1,720
สุพรรณบุรี,2022-10,21.7,744
สุพรรณบุรี,2022-11,27.2,720
สุพรรณบุรี,2022-12,15.6,744
สุพรรณบุรี,2023-01,20.9,744
สุพรรณบุรี,2023-02,31.1,672
สุพรรณบุรี,2023-03,35.1,744
สุพรรณบุรี,2023-04,35.4,720
สุพรรณบุรี,2023-05,20.9,744
สุพรรณบุรี,2023-06,6.6,720
สุพรรณบุรี,2023-07,6.2,744
สุพรรณบุรี,2023-08,5.3,744
สุพรรณบุรี,2023-09,10.3,720
สุพรรณบุรี,2023-10,15.4,744
สุพรรณบุรี,2023-11,17.7,720
สุพรรณบุรี,2023-12,19.0,744
สุพรรณบุรี,2024-01,25.2,744
สุพรรณบุรี,2024-02,25.3,696
สุพรรณบุรี,2024-03,24.4,744
สุพรรณบุรี,2024-04,23.5,720
สุพรรณบุรี,2024-05,20.1,744
สุพรรณบุรี,2024-06,5.1,720
สุพรรณบุรี,2024-07,5.9,744
สุพรรณบุรี,2024-08,5.7,744
สุพรรณบุรี,2024-09,13.0,720
สุพรรณบุรี,2024-10,19.2,744
สุพรรณบุรี,2024-11,14.6,720
สุพรรณบุรี,2024-12,13.9,744
สุพรรณบุรี,2025-01,28.0,744
สุพรรณบุรี,2025-02,34.7,672
สุพรรณบุรี,2025-03,38.5,744
สุพรรณบุรี,2025-04,34.3,720
สุพรรณบุรี,2025-05,26.9,744
สุพรรณบุรี,2025-06,12.0,720
สุพรรณบุรี,2025-07,9.0,744
สุพรรณบุรี,2025-08,7.4,744
สุพรรณบุรี,2025-09,9.8,720
สุพรรณบุรี,2025-10,14.6,744
สุพรรณบุรี,2025-11,16.6,720
สุพรรณบุรี,2025-12,14.4,744
สุราษฎร์ธานี,2022-08,5.8,665
สุราษฎร์ธานี,2022-09,6.2,720
สุราษฎร์ธานี,2022-10,7.5,744
สุราษฎร์ธานี,2022-11,9.7,720
สุราษฎร์ธานี,2022-12,10.0,744
สุราษฎร์ธานี,2023-01,14.5,744
สุราษฎร์ธานี,2023-02,14.0,672
สุราษฎร์ธานี,2023-03,16.3,744
สุราษฎร์ธานี,2023-04,18.3,720
สุราษฎร์ธานี,2023-05,8.0,744
สุราษฎร์ธานี,2023-06,6.1,720
สุราษฎร์ธานี,2023-07,6.5,744
สุราษฎร์ธานี,2023-08,5.0,744
สุราษฎร์ธานี,2023-09,7.0,720
สุราษฎร์ธานี,2023-10,7.2,744
สุราษฎร์ธานี,2023-11,8.0,720
สุราษฎร์ธานี,2023-12,9.4,744
สุราษฎร์ธานี,2024-01,13.4,744
สุราษฎร์ธานี,2024-02,11.5,696
สุราษฎร์ธานี,2024-03,13.0,744
สุราษฎร์ธานี,2024-04,12.2,720
สุราษฎร์ธานี,2024-05,11.6,744
สุราษฎร์ธานี,2024-06,8.3,720
สุราษฎร์ธานี,2024-07,10.2,744
สุราษฎร์ธานี,2024-08,8.1,744
สุราษฎร์ธานี,2024-09,5.6,720
สุราษฎร์ธานี,2024-10,7.4,744
สุราษฎร์ธานี,2024-11,7.6,720
สุราษฎร์ธานี,2024-12,9.2,744
สุราษฎร์ธานี,2025-01,14.9,744
สุราษฎร์ธานี,2025-02,15.2,672
สุราษฎร์ธานี,2025-03,15.2,744
สุราษฎร์ธานี,2025-04,9.6,720
สุราษฎร์ธานี,2025-05,8.0,744
สุราษฎร์ธานี,2025-06,8.6,720
สุราษฎร์ธานี,2025-07,7.2,744
สุราษฎร์ธานี,2025-08,7.7,744
สุราษฎร์ธานี,2025-09,4.9,720
สุราษฎร์ธานี,2025-10,6.2,744
สุราษฎร์ธานี,2025-11,9.3,720
สุราษฎร์ธานี,2025-12,9.5,744
สุรินทร์,2022-08,9.3,665
สุรินทร์,2022-09,10.2,720
สุรินทร์,2022-10,14.7,744
สุรินทร์,2022-11,12.9,720
สุรินทร์,2022-12,10.4,744
สุรินทร์,2023-01,13.8,744
สุรินทร์,2023-02,19.1,672
สุรินทร์,2023-03,24.7,744
สุรินทร์,2023-04,22.8,720
สุรินทร์,2023-05,15.5,744
สุรินทร์,2023-06,8.8,720
สุรินทร์,2023-07,10.8,744
สุรินทร์,2023-08,11.9,744
สุรินทร์,2023-09,9.3,720
สุรินทร์,2023-10,9.5,744
สุรินทร์,2023-11,8.7,720
สุรินทร์,2023-12,6.8,744
สุรินทร์,2024-01,9.1,744
สุรินทร์,2024-02,20.3,696
สุรินทร์,2024-03,22.6,744
สุรินทร์,2024-04,18.6,720
สุรินทร์,2024-05,15.3,744
สุรินทร์,2024-06,10.9,720
สุรินทร์,2024-07,8.5,744
สุรินทร์,2024-08,9.6,744
สุรินทร์,2024-09,12.1,720
สุรินทร์,2024-10,10.3,744
สุรินทร์,2024-11,9.2,720
สุรินทร์,2024-12,10.1,744
สุรินทร์,2025-01,18.1,744
สุรินทร์,2025-02,16.2,672
สุรินทร์,2025-03,32.3,744
สุรินทร์,2025-04,30.2,720
สุรินทร์,2025-05,20.7,744
สุรินทร์,2025-06,14.4,720
สุรินทร์,2025-07,9.9,744
สุรินทร์,2025-08,9.1,744
สุรินทร์,2025-09,6.7,720
สุรินทร์,2025-10,7.4,744
สุรินทร์,2025-11,9.1,720
สุรินทร์,2025-12,7.5,744
สุโขทัย,2022-08,8.6,665
สุโขทัย,2022-09,10.2,720
สุโขทัย,2022-10,17.0,744
สุโขทัย,2022-11,17.7,720
สุโขทัย,2022-12,18.6,744
สุโขทัย,2023-01,20.6,744
สุโขทัย,2023-02,27.4,672
สุโขทัย,2023-03,35.0,744
สุโขทัย,2023-04,33.4,720
สุโขทัย,2023-05,17.0,744
สุโขทัย,2023-06,8.1,720
สุโขทัย,2023-07,8.1,744
สุโขทัย,2023-08,8.7,744
สุโขทัย,2023-09,9.3,720
สุโขทัย,2023-10,10.3,744
สุโขทัย,2023-11,15.0,720
สุโขทัย,2023-12,15.8,744
สุโขทัย,2024-01,21.6,744
สุโขทัย,2024-02,27.6,696
สุโขทัย,2024-03,32.4,744
สุโขทัย,2024-04,31.9,720
สุโขทัย,2024-05,19.7,744
สุโขทัย,2024-06,8.5,720
สุโขทัย,2024-07,8.5,744
สุโขทัย,2024-08,8.8,744
สุโขทัย,2024-09,11.1,720
สุโขทัย,2024-10,14.9,744
สุโขทัย,2024-11,18.4,720
สุโขทัย,2024-12,18.0,744
สุโขทัย,2025-01,31.6,744
สุโขทัย,2025-02,35.4,672
สุโขทัย,2025-03,45.3,744
สุโขทัย,2025-04,31.7,720
สุโขทัย,2025-05,20.9,744
สุโขทัย,2025-06,18.2,720
สุโขทัย,2025-07,14.1,744
สุโขทัย,2025-08,10.6,744
สุโขทัย,2025-09,9.3,720
สุโขทัย,2025-10,10.3,744
สุโขทัย,2025-11,12.2,720
สุโขทัย,2025-12,16.4,744
หนองคาย,2022-08,9.9,665
หนองคาย,2022-09,10.0,720
หนองคาย,2022-10,16.5,744
หนองคาย,2022-11,14.3,720
หนองคาย,2022-12,16.4,744
หนองคาย,2023-01,22.8,744
หนองคาย,2023-02,27.4,672
หนองคาย,2023-03,38.2,744
หนองคาย,2023-04,41.0,720
หนองคาย,2023-05,18.5,744
หนองคาย,2023-06,10.5,720
หนองคาย,2023-07,8.5,744
หนองคาย,2023-08,11.3,744
หนองคาย,2023-09,8.4,720
หนองคาย,2023-10,11.7,744
หนองคาย,2023-11,13.2,720
หนองคาย,2023-12,12.7,744
หนองคาย,2024-01,13.1,744
หนองคาย,2024-02,19.2,696
หนองคาย,2024-03,27.7,744
หนองคาย,2024-04,37.9,720
หนองคาย,2024-05,19.6,744
หนองคาย,2024-06,10.3,720
หนองคาย,2024-07,8.9,744
หนองคาย,2024-08,11.2,744
หนองคาย,2024-09,9.4,720
หนองคาย,2024-10,15.5,744
หนองคาย,2024-11,17.1,720
หนองคาย,2024-12,19.3,744
หนองคาย,2025-01,30.6,744
หนองคาย,2025-02,20.8,672
หนองคาย,2025-03,44.6,744
หนองคาย,2025-04,44.4,720
หนองคาย,2025-05,22.4,744
หนองคาย,2025-06,19.0,720
หนองคาย,2025-07,14.3,744
หนองคาย,2025-08,11.1,744
หนองคาย,2025-09,9.0,720
หนองคาย,2025-10,11.4,744
หนองคาย,2025-11,13.2,720
หนองคาย,2025-12,15.5,744
หนองบัวลำภู,2022-08,9.9,665
หนองบัวลำภู,2022-09,10.9,720
หนองบัวลำภู,2022-10,18.2,744
หนองบัวลำภู,2022-11,16.0,720
หนองบัวลำภู,2022-12,16.3,744
หนองบัวลำภู,2023-01,20.7,744
หนองบัวลำภู,2023-02,23.5,672
หนองบัวลำภู,2023-03,31.4,744
หนองบัวลำภู,2023-04,34.8,720
หนองบัวลำภู,2023-05,16.2,744
หนองบัวลำภู,2023-06,11.3,720
หนองบัวลำภู,2023-07,9.1,744
หนองบัวลำภู,2023-08,11.2,744
หนองบัวลำภู,2023-09,9.4,720
หนองบัวลำภู,2023-10,12.0,744
หนองบัวลำภู,2023-11,12.8,720
หนองบัวลำภู,2023-12,11.9,744
หนองบัวลำภู,2024-01,12.1,744
หนองบัวลำภู,2024-02,18.6,696
หนองบัวลำภู,2024-03,25.6,744
หนองบัวลำภู,2024-04,32.1,720
หนองบัวลำภู,2024-05,18.7,744
หนองบัวลำภู,2024-06,10.8,720
หนองบัวลำภู,2024-07,10.7,744
หนองบัวลำภู,2024-08,12.9,744
หนองบัวลำภู,2024-09,9.6,720
หนองบัวลำภู,2024-10,15.7,744
หนองบัวลำภู,2024-11,14.8,720
หนองบัวลำภู,2024-12,15.9,744
หนองบัวลำภู,2025-01,24.6,744
หนองบัวลำภู,2025-02,15.3,672
หนองบัวลำภู,2025-03,33.9,744
หนองบัวลำภู,2025-04,28.8,720
หนองบัวลำภู,2025-05,17.6,744
หนองบัวลำภู,2025-06,14.5,720
หนองบัวลำภู,2025-07,10.5,744
หนองบัวลำภู,2025-08,9.6,744
หนองบัวลำภู,2025-09,8.3,720
หนองบัวลำภู,2025-10,9.2,744
หนองบัวลำภู,2025-11,12.0,720
หนองบัวลำภู,2025-12,11.7,744
อำนาจเจริญ,2022-08,9.8,665
อำนาจเจริญ,2022-09,9.7,720
อำนาจเจริญ,2022-10,12.5,744
อำนาจเจริญ,2022-11,8.6,720
อำนาจเจริญ,2022-12,9.7,744
อำนาจเจริญ,2023-01,12.9,744
อำนาจเจริญ,2023-02,17.5,672
อำนาจเจริญ,2023-03,23.5,744
อำนาจเจริญ,2023-04,26.4,720
อำนาจเจริญ,2023-05,15.5,744
อำนาจเจริญ,2023-06,9.6,720
อำนาจเจริญ,2023-07,9.3,744
อำนาจเจริญ,2023-08,12.0,744
อำนาจเจริญ,2023-09,7.7,720
อำนาจเจริญ,2023-10,8.1,744
อำนาจเจริญ,2023-11,7.7,720
อำนาจเจริญ,2023-12,6.4,744
อำนาจเจริญ,2024-01,6.4,744
อำนาจเจริญ,2024-02,17.1,696
อำนาจเจริญ,2024-03,22.6,744
อำนาจเจริญ,2024-04,21.8,720
อำนาจเจริญ,2024-05,14.8,744
อำนาจเจริญ,2024-06,10.1,720
อำนาจเจริญ,2024-07,8.7,744
อำนาจเจริญ,2024-08,11.2,744
อำนาจเจริญ,2024-09,10.0,720
อำนาจเจริญ,2024-10,9.4,744
อำนาจเจริญ,2024-11,10.0,720
อำนาจเจริญ,2024-12,11.2,744
อำนาจเจริญ,2025-01,17.5,744
อำนาจเจริญ,2025-02,10.0,672
อำนาจเจริญ,2025-03,26.1,744
อำนาจเจริญ,2025-04,29.3,720
อำนาจเจริญ,2025-05,19.3,744
อำนาจเจริญ,2025-06,15.7,720
อำนาจเจริญ,2025-07,10.9,744
อำนาจเจริญ,2025-08,9.7,744
อำนาจเจริญ,2025-09,6.4,720
อำนาจเจริญ,2025-10,6.6,744
อำนาจเจริญ,2025-11,8.8,720
อำนาจเจริญ,2025-12,8.4,744
อุดรธานี,2022-08,10.6,665
อุดรธานี,2022-09,11.2,720
อุดรธานี,2022-10,17.3,744
อุดรธานี,2022-11,15.2,720
อุดรธานี,2022-12,16.4,744
อุดรธานี,2023-01,21.3,744
อุดรธานี,2023-02,25.9,672
อุดรธานี,2023-03,31.4,744
อุดรธานี,2023-04,34.1,720
อุดรธานี,2023-05,17.4,744
อุดรธานี,2023-06,12.1,720
อุดรธานี,2023-07,8.5,744
อุดรธานี,2023-08,10.8,744
อุดรธานี,2023-09,8.4,720
อุดรธานี,2023-10,11.1,744
อุดรธานี,2023-11,11.6,720
อุดรธานี,2023-12,11.1,744
อุดรธานี,2024-01,10.8,744
อุดรธานี,2024-02,17.5,696
อุดรธานี,2024-03,25.1,744
อุดรธานี,2024-04,32.2,720
อุดรธานี,2024-05,18.0,744
อุดรธานี,2024-06,10.7,720
อุดรธานี,2024-07,10.0,744
อุดรธานี,2024-08,12.4,744
อุดรธานี,2024-09,8.8,720
อุดรธานี,2024-10,14.7,744
อุดรธานี,2024-11,14.4,720
อุดรธานี,2024-12,16.2,744
อุดรธานี,2025-01,25.0,744
อุดรธานี,2025-02,15.3,672
อุดรธานี,2025-03,32.4,744
อุดรธานี,2025-04,31.5,720
อุดรธานี,2025-05,17.2,744
อุดรธานี,2025-06,13.9,720
อุดรธานี,2025-07,9.8,744
อุดรธานี,2025-08,8.5,744
อุดรธานี,2025-09,7.3,720
อุดรธานี,2025-10,9.2,744
อุดรธานี,2025-11,11.2,720
อุดรธานี,2025-12,11.6,744
อุตรดิตถ์,2022-08,7.6,665
อุตรดิตถ์,2022-09,9.4,720
อุตรดิตถ์,2022-10,14.5,744
อุตรดิตถ์,2022-11,15.2,720
อุตรดิตถ์,2022-12,15.1,744
อุตรดิตถ์,2023-01,16.9,744
อุตรดิตถ์,2023-02,23.8,672
อุตรดิตถ์,2023-03,32.6,744
อุตรดิตถ์,2023-04,31.7,720
อุตรดิตถ์,2023-05,16.0,744
อุตรดิตถ์,2023-06,7.1,720
อุตรดิตถ์,2023-07,7.2,744
อุตรดิตถ์,2023-08,7.6,744
อุตรดิตถ์,2023-09,8.6,720
อุตรดิตถ์,2023-10,9.9,744
อุตรดิตถ์,2023-11,13.2,720
อุตรดิตถ์,2023-12,12.0,744
อุตรดิตถ์,2024-01,17.0,744
อุตรดิตถ์,2024-02,22.6,696
อุตรดิตถ์,2024-03,30.3,744
อุตรดิตถ์,2024-04,30.8,720
อุตรดิตถ์,2024-05,17.8,744
อุตรดิตถ์,2024-06,6.9,720
อุตรดิตถ์,2024-07,7.3,744
อุตรดิตถ์,2024-08,7.4,744
อุตรดิตถ์,2024-09,9.8,720
อุตรดิตถ์,2024-10,14.3,744
อุตรดิตถ์,2024-11,16.0,720
อุตรดิตถ์,2024-12,15.6,744
อุตรดิตถ์,2025-01,24.9,744
อุตรดิตถ์,2025-02,28.8,672
อุตรดิตถ์,2025-03,40.7,744
อุตรดิตถ์,2025-04,28.5,720
อุตรดิตถ์,2025-05,17.9,744
อุตรดิตถ์,2025-06,15.0,720
อุตรดิตถ์,2025-07,11.3,744
อุตรดิตถ์,2025-08,9.4,744
อุตรดิตถ์,2025-09,8.6,720
อุตรดิตถ์,2025-10,9.4,744
อุตรดิตถ์,2025-11,11.1,720
อุตรดิตถ์,2025-12,12.8,744
อุทัยธานี,2022-08,7.4,665
อุทัยธานี,2022-09,9.8,720
อุทัยธานี,2022-10,16.9,744
อุทัยธานี,2022-11,19.8,720
อุทัยธานี,2022-12,14.5,744
อุทัยธานี,2023-01,18.3,744
อุทัยธานี,2023-02,26.0,672
อุทัยธานี,2023-03,31.1,744
อุทัยธานี,2023-04,33.5,720
อุทัยธานี,2023-05,18.3,744
อุทัยธานี,2023-06,5.6,720
อุทัยธานี,2023-07,5.8,744
อุทัยธานี,2023-08,5.1,744
อุทัยธานี,2023-09,10.1,720
อุทัยธานี,2023-10,12.0,744
อุทัยธานี,2023-11,13.5,720
อุทัยธานี,2023-12,14.0,744
อุทัยธานี,2024-01,18.1,744
อุทัยธานี,2024-02,23.9,696
อุทัยธานี,2024-03,26.0,744
อุทัยธานี,2024-04,25.4,720
อุทัยธานี,2024-05,21.0,744
อุทัยธานี,2024-06,3.9,720
อุทัยธานี,2024-07,4.6,744
อุทัยธานี,2024-08,5.1,744
อุทัยธานี,2024-09,10.5,720
อุทัยธานี,2024-10,14.3,744
อุทัยธานี,2024-11,13.1,720
อุทัยธานี,2024-12,14.1,744
อุทัยธานี,2025-01,26.1,744
อุทัยธานี,2025-02,33.5,672
อุทัยธานี,2025-03,37.8,744
อุทัยธานี,2025-04,33.2,720
อุทัยธานี,2025-05,26.9,744
อุทัยธานี,2025-06,13.1,720
อุทัยธานี,2025-07,8.8,744
อุทัยธานี,2025-08,8.3,744
อุทัยธานี,2025-09,9.4,720
อุทัยธานี,2025-10,11.9,744
อุทัยธานี,2025-11,14.6,720
อุทัยธานี,2025-12,12.8,744
อุบลราชธานี,2022-08,11.0,665
อุบลราชธานี,2022-09,10.9,720
อุบลราชธานี,2022-10,14.2,744
อุบลราชธานี,2022-11,12.0,720
อุบลราชธานี,2022-12,9.4,744
อุบลราชธานี,2023-01,13.7,744
อุบลราชธานี,2023-02,19.7,672
อุบลราชธานี,2023-03,28.0,744
อุบลราชธานี,2023-04,29.2,720
อุบลราชธานี,2023-05,16.8,744
อุบลราชธานี,2023-06,9.8,720
อุบลราชธานี,2023-07,11.4,744
อุบลราชธานี,2023-08,10.9,744
อุบลราชธานี,2023-09,9.2,720
อุบลราชธานี,2023-10,9.2,744
อุบลราชธานี,2023-11,9.0,720
อุบลราชธานี,2023-12,6.7,744
อุบลราชธานี,2024-01,8.7,744
อุบลราชธานี,2024-02,19.9,696
อุบลราชธานี,2024-03,25.3,744
อุบลราชธานี,2024-04,23.8,720
อุบลราชธานี,2024-05,16.2,744
อุบลราชธานี,2024-06,10.1,720
อุบลราชธานี,2024-07,9.0,744
อุบลราชธานี,2024-08,10.9,744
อุบลราชธานี,2024-09,11.8,720
อุบลราชธานี,2024-10,10.5,744
อุบลราชธานี,2024-11,9.4,720
อุบลราชธานี,2024-12,10.0,744
อุบลราชธานี,2025-01,17.7,744
อุบลราชธานี,2025-02,14.2,672
อุบลราชธานี,2025-03,32.8,744
อุบลราชธานี,2025-04,33.7,720
อุบลราชธานี,2025-05,22.2,744
อุบลราชธานี,2025-06,16.2,720
อุบลราชธานี,2025-07,10.8,744
อุบลราชธานี,2025-08,10.3,744
อุบลราชธานี,2025-09,7.3,720
อุบลราชธานี,2025-10,7.7,744
อุบลราชธานี,2025-11,9.4,720
อุบลราชธานี,2025-12,7.8,744
อ่างทอง,2022-08,16.6,665
อ่างทอง,2022-09,20.7,720
อ่างทอง,2022-10,19.1,744
อ่างทอง,2022-11,25.6,720
อ่างทอง,2022-12,13.8,744
อ่างทอง,2023-01,20.1,744
อ่างทอง,2023-02,34.5,672
อ่างทอง,2023-03,39.7,744
อ่างทอง,2023-04,49.2,720
อ่างทอง,2023-05,28.3,744
อ่างทอง,2023-06,13.6,720
อ่างทอง,2023-07,10.5,744
อ่างทอง,2023-08,8.0,744
อ่างทอง,2023-09,15.4,720
อ่างทอง,2023-10,16.8,744
อ่างทอง,2023-11,14.8,720
อ่างทอง,2023-12,16.3,744
อ่างทอง,2024-01,23.1,744
อ่างทอง,2024-02,31.9,696
อ่างทอง,2024-03,32.8,744
อ่างทอง,2024-04,32.3,720
อ่างทอง,2024-05,28.7,744
อ่างทอง,2024-06,8.1,720
อ่างทอง,2024-07,9.5,744
อ่างทอง,2024-08,9.7,744
อ่างทอง,2024-09,15.0,720
อ่างทอง,2024-10,18.6,744
อ่างทอง,2024-11,13.5,720
อ่างทอง,2024-12,12.5,744
อ่างทอง,2025-01,26.6,744
อ่างทอง,2025-02,36.4,672
อ่างทอง,2025-03,40.4,744
อ่างทอง,2025-04,38.5,720
อ่างทอง,2025-05,31.1,744
อ่างทอง,2025-06,15.5,720
อ่างทอง,2025-07,11.0,744
อ่างทอง,2025-08,10.2,744
อ่างทอง,2025-09,13.5,720
อ่างทอง,2025-10,14.3,744
อ่างทอง,2025-11,16.4,720
อ่างทอง,2025-12,12.5,744
เชียงราย,2022-08,7.2,665
เชียงราย,2022-09,8.9,720
เชียงราย,2022-10,12.4,744
เชียงราย,2022-11,14.6,720
เชียงราย,2022-12,16.7,744
เชียงราย,2023-01,19.2,744
เชียงราย,2023-02,29.9,672
เชียงราย,2023-03,49.0,744
เชียงราย,2023-04,49.8,720
เชียงราย,2023-05,17.3,744
เชียงราย,2023-06,9.7,720
เชียงราย,2023-07,9.0,744
เชียงราย,2023-08,10.0,744
เชียงราย,2023-09,8.0,720
เชียงราย,2023-10,7.7,744
เชียงราย,2023-11,10.8,720
เชียงราย,2023-12,12.5,744
เชียงราย,2024-01,14.0,744
เชียงราย,2024-02,18.6,696
เชียงราย,2024-03,30.3,744
เชียงราย,2024-04,34.0,720
เชียงราย,2024-05,21.5,744
เชียงราย,2024-06,9.2,720
เชียงราย,2024-07,7.4,744
เชียงราย,2024-08,8.2,744
เชียงราย,2024-09,10.5,720
เชียงราย,2024-10,11.8,744
เชียงราย,2024-11,13.6,720
เชียงราย,2024-12,17.3,744
เชียงราย,2025-01,23.4,744
เชียงราย,2025-02,29.0,672
เชียงราย,2025-03,49.9,744
เชียงราย,2025-04,35.0,720
เชียงราย,2025-05,18.7,744
เชียงราย,2025-06,15.1,720
เชียงราย,2025-07,11.7,744
เชียงราย,2025-08,10.4,744
เชียงราย,2025-09,7.3,720
เชียงราย,2025-10,8.9,744
เชียงราย,2025-11,9.4,720
เชียงราย,2025-12,14.8,744
เชียงใหม่,2022-08,13.3,665
เชียงใหม่,2022-09,16.7,720
เชียงใหม่,2022-10,24.1,744
เชียงใหม่,2022-11,26.6,720
เชียงใหม่,2022-12,25.5,744
เชียงใหม่,2023-01,29.2,744
เชียงใหม่,2023-02,32.3,672
เชียงใหม่,2023-03,42.3,744
เชียงใหม่,2023-04,34.6,720
เชียงใหม่,2023-05,20.0,744
เชียงใหม่,2023-06,12.9,720
เชียงใหม่,2023-07,9.9,744
เชียงใหม่,2023-08,10.3,744
เชียงใหม่,2023-09,12.9,720
เชียงใหม่,2023-10,15.5,744
เชียงใหม่,2023-11,22.5,720
เชียงใหม่,2023-12,21.0,744
เชียงใหม่,2024-01,17.6,744
เชียงใหม่,2024-02,21.3,696
เชียงใหม่,2024-03,26.4,744
เชียงใหม่,2024-04,29.9,720
เชียงใหม่,2024-05,19.9,744
เชียงใหม่,2024-06,11.0,720
เชียงใหม่,2024-07,9.9,744
เชียงใหม่,2024-08,12.2,744
เชียงใหม่,2024-09,15.6,720
เชียงใหม่,2024-10,20.6,744
เชียงใหม่,2024-11,23.7,720
เชียงใหม่,2024-12,29.2,744
เชียงใหม่,2025-01,30.7,744
เชียงใหม่,2025-02,31.2,672
เชียงใหม่,2025-03,44.3,744
เชียงใหม่,2025-04,29.6,720
เชียงใหม่,2025-05,16.8,744
เชียงใหม่,2025-06,15.2,720
เชียงใหม่,2025-07,14.8,744
เชียงใหม่,2025-08,14.5,744
เชียงใหม่,2025-09,15.3,720
เชียงใหม่,2025-10,19.0,744
เชียงใหม่,2025-11,19.4,720
เชียงใหม่,2025-12,26.8,744
เพชรบูรณ์,2022-08,8.9,665
เพชรบูรณ์,2022-09,10.6,720
เพชรบูรณ์,2022-10,12.5,744
เพชรบูรณ์,2022-11,11.8,720
เพชรบูรณ์,2022-12,9.7,744
เพชรบูรณ์,2023-01,13.5,744
เพชรบูรณ์,2023-02,21.1,672
เพชรบูรณ์,2023-03,31.0,744
เพชรบูรณ์,2023-04,36.6,720
เพชรบูรณ์,2023-05,17.7,744
เพชรบูรณ์,2023-06,10.4,720
เพชรบูรณ์,2023-07,9.8,744
เพชรบูรณ์,2023-08,9.8,744
เพชรบูรณ์,2023-09,8.4,720
เพชรบูรณ์,2023-10,10.9,744
เพชรบูรณ์,2023-11,10.2,720
เพชรบูรณ์,2023-12,8.9,744
เพชรบูรณ์,2024-01,11.6,744
เพชรบูรณ์,2024-02,20.8,696
เพชรบูรณ์,2024-03,27.2,744
เพชรบูรณ์,2024-04,33.4,720
เพชรบูรณ์,2024-05,18.7,744
เพชรบูรณ์,2024-06,10.1,720
เพชรบูรณ์,2024-07,10.6,744
เพชรบูรณ์,2024-08,11.9,744
เพชรบูรณ์,2024-09,10.6,720
เพชรบูรณ์,2024-10,11.8,744
เพชรบูรณ์,2024-11,11.2,720
เพชรบูรณ์,2024-12,11.4,744
เพชรบูรณ์,2025-01,19.8,744
เพชรบูรณ์,2025-02,21.3,672
เพชรบูรณ์,2025-03,34.0,744
เพชรบูรณ์,2025-04,26.9,720
เพชรบูรณ์,2025-05,18.4,744
เพชรบูรณ์,2025-06,15.1,720
เพชรบูรณ์,2025-07,10.8,744
เพชรบูรณ์,2025-08,11.0,744
เพชรบูรณ์,2025-09,9.0,720
เพชรบูรณ์,2025-10,9.4,744
เพชรบูรณ์,2025-11,11.1,720
เพชรบูรณ์,2025-12,9.7,744
เลย,2022-08,7.6,665
เลย,2022-09,8.5,720
เลย,2022-10,13.9,744
เลย,2022-11,11.4,720
เลย,2022-12,11.9,744
เลย,2023-01,15.2,744
เลย,2023-02,22.4,672
เลย,2023-03,32.9,744
เลย,2023-04,35.9,720
เลย,2023-05,14.2,744
เลย,2023-06,8.0,720
เลย,2023-07,6.8,744
เลย,2023-08,7.7,744
เลย,2023-09,7.1,720
เลย,2023-10,9.1,744
เลย,2023-11,10.9,720
เลย,2023-12,9.4,744
เลย,2024-01,11.0,744
เลย,2024-02,15.8,696
เลย,2024-03,23.9,744
เลย,2024-04,28.6,720
เลย,2024-05,17.0,744
เลย,2024-06,7.5,720
เลย,2024-07,6.8,744
เลย,2024-08,7.6,744
เลย,2024-09,7.7,720
เลย,2024-10,13.2,744
เลย,2024-11,12.6,720
เลย,2024-12,13.5,744
เลย,2025-01,22.2,744
เลย,2025-02,18.2,672
เลย,2025-03,34.4,744
เลย,2025-04,28.6,720
เลย,2025-05,16.8,744
เลย,2025-06,13.0,720
เลย,2025-07,8.5,744
เลย,2025-08,7.5,744
เลย,2025-09,7.3,720
เลย,2025-10,8.2,744
เลย,2025-11,10.8,720
เลย,2025-12,10.3,744
แพร่,2022-08,8.4,665
แพร่,2022-09,10.9,720
แพร่,2022-10,15.9,744
แพร่,2022-11,17.4,720
แพร่,2022-12,17.4,744
แพร่,2023-01,19.5,744
แพร่,2023-02,25.4,672
แพร่,2023-03,34.0,744
แพร่,2023-04,34.0,720
แพร่,2023-05,17.3,744
แพร่,2023-06,8.5,720
แพร่,2023-07,7.9,744
แพร่,2023-08,8.2,744
แพร่,2023-09,9.0,720
แพร่,2023-10,10.9,744
แพร่,2023-11,13.1,720
แพร่,2023-12,11.3,744
แพร่,2024-01,15.6,744
แพร่,2024-02,20.8,696
แพร่,2024-03,29.4,744
แพร่,2024-04,30.8,720
แพร่,2024-05,17.8,744
แพร่,2024-06,6.9,720
แพร่,2024-07,7.1,744
แพร่,2024-08,7.2,744
แพร่,2024-09,10.1,720
แพร่,2024-10,15.5,744
แพร่,2024-11,15.5,720
แพร่,2024-12,15.3,744
แพร่,2025-01,23.2,744
แพร่,2025-02,26.7,672
แพร่,2025-03,38.7,744
แพร่,2025-04,26.4,720
แพร่,2025-05,15.6,744
แพร่,2025-06,13.3,720
แพร่,2025-07,9.6,744
แพร่,2025-08,9.8,744
แพร่,2025-09,9.1,720
แพร่,2025-10,9.8,744
แพร่,2025-11,11.0,720
แพร่,2025-12,12.9,744
แม่ฮ่องสอน,2022-08,3.4,665
แม่ฮ่องสอน,2022-09,4.9,720
แม่ฮ่องสอน,2022-10,7.7,744
แม่ฮ่องสอน,2022-11,8.1,720
แม่ฮ่องสอน,2022-12,8.2,744
แม่ฮ่องสอน,2023-01,10.2,744
แม่ฮ่องสอน,2023-02,15.5,672
แม่ฮ่องสอน,2023-03,32.2,744
แม่ฮ่องสอน,2023-04,30.3,720
แม่ฮ่องสอน,2023-05,11.8,744
แม่ฮ่องสอน,2023-06,4.4,720
แม่ฮ่องสอน,2023-07,4.1,744
แม่ฮ่องสอน,2023-08,5.0,744
แม่ฮ่องสอน,2023-09,5.0,720
แม่ฮ่องสอน,2023-10,5.7,744
แม่ฮ่องสอน,2023-11,8.0,720
แม่ฮ่องสอน,2023-12,8.1,744
แม่ฮ่องสอน,2024-01,8.5,744
แม่ฮ่องสอน,2024-02,13.0,696
แม่ฮ่องสอน,2024-03,24.2,744
แม่ฮ่องสอน,2024-04,28.7,720
แม่ฮ่องสอน,2024-05,13.8,744
แม่ฮ่องสอน,2024-06,4.1,720
แม่ฮ่องสอน,2024-07,2.9,744
แม่ฮ่องสอน,2024-08,4.2,744
แม่ฮ่องสอน,2024-09,5.8,720
แม่ฮ่องสอน,2024-10,8.4,744
แม่ฮ่องสอน,2024-11,10.2,720
แม่ฮ่องสอน,2024-12,11.4,744
แม่ฮ่องสอน,2025-01,12.1,744
แม่ฮ่องสอน,2025-02,16.8,672
แม่ฮ่องสอน,2025-03,33.0,744
แม่ฮ่องสอน,2025-04,26.5,720
แม่ฮ่องสอน,2025-05,8.6,744
แม่ฮ่องสอน,2025-06,3.9,720
แม่ฮ่องสอน,2025-07,3.2,744
แม่ฮ่องสอน,2025-08,4.9,744
แม่ฮ่องสอน,2025-09,4.8,720
แม่ฮ่องสอน,2025-10,7.4,744
แม่ฮ่องสอน,2025-11,7.6,720
แม่ฮ่องสอน,2025-12,8.5,744
เพชรบุรี,2022-08,6.7,665
เพชรบุรี,2022-09,8.4,720
เพชรบุรี,2022-10,34.9,744
เพชรบุรี,2022-11,33.4,720
เพชรบุรี,2022-12,33.2,744
เพชรบุรี,2023-01,32.8,744
เพชรบุรี,2023-02,33.1,672
เพชรบุรี,2023-03,32.6,744
เพชรบุรี,2023-04,27.8,720
เพชรบุรี,2023-05,12.4,744
เพชรบุรี,2023-06,4.8,720
เพชรบุรี,2023-07,5.4,744
เพชรบุรี,2023-08,3.8,744
เพชรบุรี,2023-09,6.2,720
เพชรบุรี,2023-10,23.5,744
เพชรบุรี,2023-11,32.4,720
เพชรบุรี,2023-12,30.2,744
เพชรบุรี,2024-01,37.7,744
เพชรบุรี,2024-02,18.9,696
เพชรบุรี,2024-03,17.5,744
เพชรบุรี,2024-04,16.6,720
เพชรบุรี,2024-05,12.6,744
เพชรบุรี,2024-06,4.2,720
เพชรบุรี,2024-07,4.2,744
เพชรบุรี,2024-08,5.9,744
เพชรบุรี,2024-09,9.1,720
เพชรบุรี,2024-10,30.1,744
เพชรบุรี,2024-11,21.4,720
เพชรบุรี,2024-12,20.6,744
เพชรบุรี,2025-01,29.4,744
เพชรบุรี,2025-02,26.7,672
เพชรบุรี,2025-03,26.1,744
เพชรบุรี,2025-04,17.4,720
เพชรบุรี,2025-05,12.8,744
เพชรบุรี,2025-06,7.6,720
เพชรบุรี,2025-07,5.4,744
เพชรบุรี,2025-08,5.4,744
เพชรบุรี,2025-09,5.1,720
เพชรบุรี,2025-10,14.6,744
เพชรบุรี,2025-11,16.2,720
เพชรบุรี,2025-12,18.7,744
